"batter","game_year","stand","xbabip","xbscon","n"
"A.J. Pierzynski",2015,"L",0.310541310541311,0.472934472934473,351
"A.J. Pollock",2015,"R",0.326530612244898,0.56530612244898,490
"A.J. Pollock",2017,"R",0.292834890965732,0.56386292834891,321
"A.J. Pollock",2018,"R",0.273615635179153,0.635179153094462,307
"A.J. Pollock",2019,"R",0.290909090909091,0.604545454545454,220
"Aaron Altherr",2017,"R",0.312252964426877,0.727272727272727,253
"Aaron Hicks",2018,"L",0.262295081967213,0.602459016393443,244
"Aaron Hill",2015,"R",0.246913580246914,0.419753086419753,243
"Aaron Hill",2016,"R",0.273026315789474,0.424342105263158,304
"Aaron Judge",2017,"R",0.309375,1.040625,320
"Aaron Judge",2018,"R",0.325301204819277,0.767068273092369,249
"Aaron Judge",2019,"R",0.312217194570136,0.832579185520362,221
"Adam Duvall",2016,"R",0.263888888888889,0.705555555555556,360
"Adam Duvall",2017,"R",0.275,0.6575,400
"Adam Duvall",2018,"R",0.228571428571429,0.497959183673469,245
"Adam Eaton",2015,"L",0.34,0.557777777777778,450
"Adam Eaton",2016,"L",0.317226890756303,0.531512605042017,476
"Adam Eaton",2018,"L",0.336244541484716,0.48471615720524,229
"Adam Eaton",2019,"L",0.297539149888143,0.51006711409396,447
"Adam Engel",2018,"R",0.316901408450704,0.471830985915493,284
"Adam Frazier",2017,"L",0.303030303030303,0.46969696969697,330
"Adam Frazier",2018,"L",0.293172690763052,0.538152610441767,249
"Adam Frazier",2019,"L",0.300884955752212,0.473451327433628,452
"Adam Jones",2015,"R",0.26378896882494,0.565947242206235,417
"Adam Jones",2016,"R",0.270212765957447,0.523404255319149,470
"Adam Jones",2017,"R",0.295652173913043,0.560869565217391,460
"Adam Jones",2018,"R",0.294759825327511,0.489082969432314,458
"Adam Jones",2019,"R",0.280112044817927,0.507002801120448,357
"Adam LaRoche",2015,"L",0.258181818181818,0.472727272727273,275
"Adam Lind",2015,"L",0.28804347826087,0.557065217391304,368
"Adam Lind",2016,"L",0.245283018867925,0.528301886792453,265
"Adam Lind",2017,"L",0.300492610837438,0.561576354679803,203
"Addison Russell",2015,"R",0.317567567567568,0.570945945945946,296
"Addison Russell",2016,"R",0.27683615819209,0.564971751412429,354
"Addison Russell",2017,"R",0.271551724137931,0.573275862068966,232
"Addison Russell",2018,"R",0.315789473684211,0.440789473684211,304
"Adeiny Hechavarria",2015,"R",0.318435754189944,0.441340782122905,358
"Adeiny Hechavarria",2016,"R",0.264705882352941,0.352941176470588,408
"Adeiny Hechavarria",2017,"R",0.302904564315353,0.514522821576763,241
"Adeiny Hechavarria",2018,"R",0.280172413793103,0.413793103448276,232
"Adonis Garcia",2016,"R",0.298543689320388,0.480582524271845,412
"Adrian Beltre",2015,"R",0.288135593220339,0.519067796610169,472
"Adrian Beltre",2016,"R",0.277207392197125,0.595482546201232,487
"Adrian Beltre",2017,"R",0.31021897810219,0.62043795620438,274
"Adrian Beltre",2018,"R",0.291925465838509,0.546583850931677,322
"Adrian Gonzalez",2015,"L",0.279904306220096,0.602870813397129,418
"Adrian Gonzalez",2016,"L",0.309692671394799,0.536643026004728,423
"Albert Almora",2017,"R",0.302752293577982,0.477064220183486,218
"Albert Almora",2018,"R",0.322674418604651,0.447674418604651,344
"Albert Almora",2019,"R",0.233962264150943,0.460377358490566,265
"Albert Pujols",2015,"R",0.193158953722334,0.537223340040241,497
"Albert Pujols",2016,"R",0.242171189979123,0.509394572025052,479
"Albert Pujols",2017,"R",0.24203821656051,0.456475583864119,471
"Albert Pujols",2018,"R",0.237726098191214,0.459948320413437,387
"Albert Pujols",2019,"R",0.222222222222222,0.475452196382429,387
"Alcides Escobar",2015,"R",0.276923076923077,0.353846153846154,520
"Alcides Escobar",2016,"R",0.2890625,0.3984375,512
"Alcides Escobar",2017,"R",0.289416846652268,0.436285097192225,463
"Alcides Escobar",2018,"R",0.25062656641604,0.360902255639098,399
"Aledmys Diaz",2016,"R",0.301829268292683,0.600609756097561,328
"Aledmys Diaz",2017,"R",0.281385281385281,0.471861471861472,231
"Aledmys Diaz",2018,"R",0.274626865671642,0.519402985074627,335
"Alejandro De Aza",2015,"L",0.308056872037915,0.549763033175355,211
"Alex Bregman",2017,"R",0.299287410926366,0.548693586698337,421
"Alex Bregman",2018,"R",0.279749478079332,0.64509394572025,479
"Alex Bregman",2019,"R",0.251685393258427,0.68314606741573,445
"Alex Gordon",2015,"L",0.309803921568627,0.568627450980392,255
"Alex Gordon",2016,"L",0.272727272727273,0.560606060606061,264
"Alex Gordon",2017,"L",0.246006389776358,0.424920127795527,313
"Alex Gordon",2018,"L",0.287262872628726,0.479674796747967,369
"Alex Gordon",2019,"L",0.293181818181818,0.484090909090909,440
"Alex Rios",2015,"R",0.291390728476821,0.423841059602649,302
"Alex Rodriguez",2015,"R",0.265129682997118,0.662824207492795,347
"Alex Verdugo",2019,"L",0.309608540925267,0.551601423487544,281
"Alexei Ramirez",2015,"R",0.250526315789474,0.395789473684211,475
"Alexei Ramirez",2016,"R",0.26530612244898,0.387755102040816,392
"Alexi Amarista",2015,"L",0.240157480314961,0.358267716535433,254
"Amed Rosario",2018,"R",0.300480769230769,0.485576923076923,416
"Amed Rosario",2019,"R",0.326881720430108,0.533333333333333,465
"Andre Ethier",2015,"L",0.306930693069307,0.577557755775578,303
"Andrelton Simmons",2015,"R",0.283549783549784,0.365800865800866,462
"Andrelton Simmons",2016,"R",0.296,0.397333333333333,375
"Andrelton Simmons",2017,"R",0.280082987551867,0.454356846473029,482
"Andrelton Simmons",2018,"R",0.288381742738589,0.452282157676349,482
"Andrelton Simmons",2019,"R",0.271604938271605,0.407407407407407,324
"Andrew Benintendi",2017,"L",0.294117647058824,0.538461538461538,442
"Andrew Benintendi",2018,"L",0.314977973568282,0.541850220264317,454
"Andrew Benintendi",2019,"L",0.328125,0.588541666666667,384
"Andrew McCutchen",2015,"R",0.323383084577114,0.624378109452736,402
"Andrew McCutchen",2016,"R",0.28538283062645,0.554524361948956,431
"Andrew McCutchen",2017,"R",0.289411764705882,0.607058823529412,425
"Andrew McCutchen",2018,"R",0.29064039408867,0.564039408866995,406
"Angel Pagan",2015,"L",0.279310344827586,0.389655172413793,290
"Angel Pagan",2016,"L",0.319066147859922,0.474708171206226,257
"Anthony Gose",2015,"L",0.344051446945338,0.498392282958199,311
"Anthony Rendon",2015,"R",0.311926605504587,0.440366972477064,218
"Anthony Rendon",2016,"R",0.301204819277108,0.563855421686747,415
"Anthony Rendon",2017,"R",0.303703703703704,0.614814814814815,405
"Anthony Rendon",2018,"R",0.29951690821256,0.635265700483092,414
"Anthony Rendon",2019,"R",0.302059496567506,0.716247139588101,437
"Anthony Rizzo",2015,"L",0.27313769751693,0.609480812641084,443
"Anthony Rizzo",2016,"L",0.278422273781903,0.663573085846868,431
"Anthony Rizzo",2017,"L",0.261261261261261,0.621621621621622,444
"Anthony Rizzo",2018,"L",0.279379157427938,0.545454545454545,451
"Anthony Rizzo",2019,"L",0.2825,0.595,400
"Aramis Ramirez",2015,"R",0.230971128608924,0.456692913385827,381
"Asdrubal Cabrera",2015,"L",0.291497975708502,0.558704453441296,247
"Asdrubal Cabrera",2016,"L",0.280821917808219,0.606164383561644,292
"Asdrubal Cabrera",2017,"L",0.247104247104247,0.49034749034749,259
"Asdrubal Cabrera",2018,"L",0.278169014084507,0.654929577464789,284
"Asdrubal Cabrera",2019,"L",0.284403669724771,0.559633027522936,218
"Austin Hedges",2017,"R",0.244979919678715,0.546184738955823,249
"Austin Hedges",2018,"R",0.263681592039801,0.626865671641791,201
"Austin Jackson",2015,"R",0.327586206896552,0.508620689655172,348
"Austin Jackson",2018,"R",0.371980676328502,0.507246376811594,207
"Austin Meadows",2019,"L",0.307065217391304,0.717391304347826,368
"Avisail Garcia",2015,"R",0.30952380952381,0.492063492063492,378
"Avisail Garcia",2016,"R",0.28673835125448,0.516129032258065,279
"Avisail Garcia",2017,"R",0.37984496124031,0.625322997416021,387
"Avisail Garcia",2018,"R",0.245901639344262,0.581967213114754,244
"Avisail Garcia",2019,"R",0.329479768786127,0.621387283236994,346
"Ben Gamel",2017,"L",0.330555555555556,0.541666666666667,360
"Ben Paulsen",2015,"L",0.339712918660287,0.655502392344498,209
"Ben Revere",2015,"L",0.331991951710262,0.414486921529175,497
"Ben Revere",2016,"L",0.212014134275618,0.303886925795053,283
"Ben Revere",2017,"L",0.291497975708502,0.368421052631579,247
"Ben Zobrist",2015,"L",0.257028112449799,0.477911646586345,249
"Ben Zobrist",2016,"L",0.267123287671233,0.503424657534247,292
"Ben Zobrist",2017,"L",0.263157894736842,0.45748987854251,247
"Ben Zobrist",2018,"L",0.307692307692308,0.523809523809524,273
"Billy Burns",2015,"L",0.324723247232472,0.453874538745387,271
"Billy Butler",2015,"R",0.264339152119701,0.473815461346633,401
"Billy Hamilton",2015,"L",0.241666666666667,0.291666666666667,240
"Billy Hamilton",2016,"L",0.349775784753363,0.457399103139013,223
"Billy Hamilton",2017,"L",0.323529411764706,0.450980392156863,306
"Billy Hamilton",2018,"L",0.296442687747036,0.41501976284585,253
"Brad Miller",2015,"L",0.292307692307692,0.516923076923077,325
"Brad Miller",2016,"L",0.24802110817942,0.659630606860158,379
"Brad Miller",2017,"L",0.24390243902439,0.507317073170732,205
"Brandon Belt",2015,"L",0.34472049689441,0.670807453416149,322
"Brandon Belt",2016,"L",0.329758713136729,0.654155495978552,373
"Brandon Belt",2017,"L",0.268774703557312,0.632411067193676,253
"Brandon Belt",2018,"L",0.290780141843972,0.556737588652482,282
"Brandon Belt",2019,"L",0.268929503916449,0.543080939947781,383
"Brandon Crawford",2015,"L",0.275482093663912,0.586776859504132,363
"Brandon Crawford",2016,"L",0.325242718446602,0.546116504854369,412
"Brandon Crawford",2017,"L",0.290666666666667,0.517333333333333,375
"Brandon Crawford",2018,"L",0.300518134715026,0.507772020725389,386
"Brandon Crawford",2019,"L",0.262162162162162,0.448648648648649,370
"Brandon Dixon",2019,"R",0.304878048780488,0.638211382113821,246
"Brandon Drury",2016,"R",0.310734463276836,0.570621468926554,354
"Brandon Drury",2017,"R",0.313479623824451,0.573667711598746,319
"Brandon Drury",2019,"R",0.251748251748252,0.503496503496504,286
"Brandon Guyer",2015,"R",0.281746031746032,0.484126984126984,252
"Brandon Guyer",2016,"R",0.285024154589372,0.531400966183575,207
"Brandon Moss",2015,"L",0.269480519480519,0.590909090909091,308
"Brandon Moss",2016,"L",0.244897959183673,0.726530612244898,245
"Brandon Moss",2017,"L",0.217391304347826,0.599033816425121,207
"Brandon Nimmo",2018,"L",0.340909090909091,0.723484848484849,264
"Brandon Phillips",2015,"R",0.317718940936864,0.427698574338086,491
"Brandon Phillips",2016,"R",0.305494505494506,0.47032967032967,455
"Brandon Phillips",2017,"R",0.308351177730193,0.494646680942184,467
"Brayan Pena",2015,"L",0.321782178217822,0.386138613861386,202
"Brett Gardner",2015,"L",0.298245614035088,0.523809523809524,399
"Brett Gardner",2016,"L",0.309178743961353,0.454106280193237,414
"Brett Gardner",2017,"L",0.289473684210526,0.539473684210526,456
"Brett Gardner",2018,"L",0.26302729528536,0.444168734491315,403
"Brett Gardner",2019,"L",0.253443526170799,0.639118457300275,363
"Brett Lawrie",2015,"R",0.318652849740933,0.55699481865285,386
"Brett Lawrie",2016,"R",0.316742081447964,0.570135746606335,221
"Brian Anderson",2018,"R",0.328671328671329,0.505827505827506,429
"Brian Anderson",2019,"R",0.281733746130031,0.594427244582043,323
"Brian Dozier",2015,"R",0.244444444444444,0.588888888888889,450
"Brian Dozier",2016,"R",0.262068965517241,0.740229885057471,435
"Brian Dozier",2017,"R",0.281179138321995,0.659863945578231,441
"Brian Dozier",2018,"R",0.232911392405063,0.49873417721519,395
"Brian Dozier",2019,"R",0.263888888888889,0.604166666666667,288
"Brian Goodwin",2019,"L",0.315384615384615,0.680769230769231,260
"Brian McCann",2015,"L",0.220289855072464,0.533333333333333,345
"Brian McCann",2016,"L",0.261168384879725,0.577319587628866,291
"Brian McCann",2017,"L",0.220149253731343,0.507462686567164,268
"Brian McCann",2019,"L",0.241545893719807,0.478260869565217,207
"Brock Holt",2015,"L",0.349544072948328,0.474164133738602,329
"Brock Holt",2016,"L",0.293838862559242,0.4739336492891,211
"Brock Holt",2018,"L",0.322115384615385,0.528846153846154,208
"Bryan Reynolds",2019,"L",0.402542372881356,0.682203389830508,236
"Bryce Harper",2015,"L",0.335243553008596,0.848137535816619,349
"Bryce Harper",2016,"L",0.260623229461756,0.577903682719547,353
"Bryce Harper",2017,"L",0.329824561403509,0.803508771929825,285
"Bryce Harper",2018,"L",0.268493150684932,0.704109589041096,365
"Bryce Harper",2019,"L",0.286885245901639,0.745901639344262,366
"Buster Posey",2015,"R",0.307692307692308,0.503118503118503,481
"Buster Posey",2016,"R",0.295302013422819,0.492170022371365,447
"Buster Posey",2017,"R",0.339759036144578,0.532530120481928,415
"Buster Posey",2018,"R",0.318318318318318,0.45045045045045,333
"Buster Posey",2019,"R",0.292452830188679,0.443396226415094,318
"Byron Buxton",2017,"R",0.300353356890459,0.551236749116608,283
"C.J. Cron",2015,"R",0.269662921348315,0.528089887640449,267
"C.J. Cron",2016,"R",0.296666666666667,0.573333333333333,300
"C.J. Cron",2017,"R",0.283720930232558,0.516279069767442,215
"C.J. Cron",2018,"R",0.281437125748503,0.664670658682635,334
"C.J. Cron",2019,"R",0.253822629969419,0.577981651376147,327
"Caleb Joseph",2015,"R",0.253164556962025,0.49789029535865,237
"Cameron Maybin",2015,"R",0.316622691292876,0.474934036939314,379
"Cameron Maybin",2016,"R",0.366935483870968,0.516129032258065,248
"Cameron Maybin",2017,"R",0.274368231046931,0.487364620938628,277
"Cameron Maybin",2018,"R",0.291497975708502,0.396761133603239,247
"Cameron Rupp",2016,"R",0.305019305019305,0.656370656370656,259
"Carlos Asuaje",2017,"L",0.33953488372093,0.488372093023256,215
"Carlos Beltran",2015,"L",0.281954887218045,0.575187969924812,266
"Carlos Beltran",2016,"L",0.26530612244898,0.585034013605442,294
"Carlos Beltran",2017,"L",0.261538461538462,0.511538461538461,260
"Carlos Correa",2015,"R",0.286206896551724,0.651724137931034,290
"Carlos Correa",2016,"R",0.306172839506173,0.577777777777778,405
"Carlos Correa",2017,"R",0.317307692307692,0.701923076923077,312
"Carlos Correa",2018,"R",0.276595744680851,0.549645390070922,282
"Carlos Gomez",2015,"R",0.296052631578947,0.526315789473684,304
"Carlos Gomez",2016,"R",0.2875,0.529166666666667,240
"Carlos Gomez",2017,"R",0.318840579710145,0.632850241545894,207
"Carlos Gomez",2018,"R",0.274261603375527,0.472573839662447,237
"Carlos Gonzalez",2015,"L",0.258145363408521,0.701754385964912,399
"Carlos Gonzalez",2016,"L",0.324455205811138,0.656174334140436,413
"Carlos Gonzalez",2017,"L",0.311926605504587,0.556574923547401,327
"Carlos Gonzalez",2018,"L",0.327327327327327,0.597597597597598,333
"Carlos Ruiz",2015,"R",0.248868778280543,0.34841628959276,221
"Carlos Santana",2015,"L",0.228682170542636,0.527131782945736,258
"Carlos Santana",2016,"L",0.215686274509804,0.650326797385621,306
"Carlos Santana",2017,"L",0.278884462151394,0.605577689243028,251
"Carlos Santana",2018,"L",0.224755700325733,0.504885993485342,307
"Carlos Santana",2019,"L",0.26,0.63,300
"Carson Kelly",2019,"R",0.253393665158371,0.660633484162896,221
"Cavan Biggio",2019,"L",0.299065420560748,0.635514018691589,214
"Cesar Hernandez",2015,"L",0.315533980582524,0.427184466019417,206
"Cesar Hernandez",2016,"L",0.323432343234323,0.481848184818482,303
"Cesar Hernandez",2017,"L",0.358565737051793,0.52191235059761,251
"Cesar Hernandez",2018,"L",0.303921568627451,0.503267973856209,306
"Cesar Hernandez",2019,"L",0.315942028985507,0.544927536231884,345
"Chad Pinder",2018,"R",0.305418719211823,0.61576354679803,203
"Chad Pinder",2019,"R",0.255506607929515,0.550660792951542,227
"Charlie Blackmon",2015,"L",0.310126582278481,0.546413502109705,474
"Charlie Blackmon",2016,"L",0.329596412556054,0.650224215246637,446
"Charlie Blackmon",2017,"L",0.341825902335456,0.75583864118896,471
"Charlie Blackmon",2018,"L",0.31236442516269,0.622559652928417,461
"Charlie Blackmon",2019,"L",0.309210526315789,0.682017543859649,456
"Chase Headley",2015,"L",0.28957528957529,0.447876447876448,259
"Chase Headley",2017,"L",0.352941176470588,0.546218487394958,238
"Chase Utley",2015,"L",0.227118644067797,0.383050847457627,295
"Chase Utley",2016,"L",0.292479108635098,0.495821727019499,359
"Chase Utley",2017,"L",0.261802575107296,0.497854077253219,233
"Cheslor Cuthbert",2016,"R",0.31728045325779,0.524079320113314,353
"Cheslor Cuthbert",2019,"R",0.291479820627803,0.511210762331839,223
"Chris Carter",2015,"R",0.211981566820276,0.658986175115207,217
"Chris Carter",2016,"R",0.241486068111455,0.78328173374613,323
"Chris Coghlan",2015,"L",0.257763975155279,0.555900621118012,322
"Chris Colabello",2015,"R",0.381395348837209,0.688372093023256,215
"Chris Davis",2015,"L",0.287390029325513,0.865102639296188,341
"Chris Davis",2016,"L",0.25,0.78125,320
"Chris Davis",2017,"L",0.271966527196653,0.748953974895398,239
"Chris Davis",2018,"L",0.220149253731343,0.48134328358209,268
"Chris Owings",2015,"R",0.301994301994302,0.452991452991453,351
"Chris Owings",2016,"R",0.332335329341317,0.523952095808383,334
"Chris Owings",2017,"R",0.297619047619048,0.571428571428571,252
"Chris Owings",2018,"R",0.25,0.395,200
"Chris Taylor",2017,"R",0.327683615819209,0.672316384180791,354
"Chris Taylor",2018,"R",0.329268292682927,0.670731707317073,328
"Chris Taylor",2019,"R",0.330508474576271,0.669491525423729,236
"Chris Young",2015,"R",0.263157894736842,0.574561403508772,228
"Christian Vazquez",2017,"R",0.355371900826446,0.512396694214876,242
"Christian Vazquez",2019,"R",0.282051282051282,0.581196581196581,351
"Christian Villanueva",2018,"R",0.269058295964126,0.672645739910314,223
"Christian Walker",2019,"R",0.290598290598291,0.663817663817664,351
"Christian Yelich",2015,"L",0.354651162790698,0.523255813953488,344
"Christian Yelich",2016,"L",0.332535885167464,0.629186602870813,418
"Christian Yelich",2017,"L",0.32258064516129,0.550691244239631,434
"Christian Yelich",2018,"L",0.334128878281623,0.75417661097852,419
"Christian Yelich",2019,"L",0.322766570605187,0.887608069164265,347
"Christin Stewart",2019,"L",0.294573643410853,0.523255813953488,258
"Clint Robinson",2015,"L",0.295454545454545,0.531818181818182,220
"Coco Crisp",2016,"L",0.262172284644195,0.524344569288389,267
"Cody Asche",2015,"L",0.301418439716312,0.535460992907801,282
"Cody Bellinger",2017,"L",0.263492063492063,0.822222222222222,315
"Cody Bellinger",2018,"L",0.290055248618785,0.629834254143646,362
"Cody Bellinger",2019,"L",0.278048780487805,0.787804878048781,410
"Colby Rasmus",2015,"L",0.270916334661355,0.713147410358566,251
"Colby Rasmus",2016,"L",0.248888888888889,0.56,225
"Colin Moran",2018,"L",0.309375,0.496875,320
"Colin Moran",2019,"L",0.338557993730408,0.570532915360502,319
"Corey Dickerson",2016,"L",0.272727272727273,0.639204545454545,352
"Corey Dickerson",2017,"L",0.325925925925926,0.65679012345679,405
"Corey Dickerson",2018,"L",0.315270935960591,0.559113300492611,406
"Corey Seager",2016,"L",0.344298245614035,0.642543859649123,456
"Corey Seager",2017,"L",0.327225130890052,0.630890052356021,382
"Corey Seager",2019,"L",0.292349726775956,0.587431693989071,366
"Cory Spangenberg",2015,"L",0.313636363636364,0.486363636363636,220
"Cory Spangenberg",2017,"L",0.328859060402685,0.546979865771812,298
"Curtis Granderson",2015,"L",0.285347043701799,0.637532133676093,389
"Curtis Granderson",2016,"L",0.227979274611399,0.606217616580311,386
"Curtis Granderson",2017,"L",0.21,0.633333333333333,300
"Curtis Granderson",2018,"L",0.289592760180996,0.601809954751131,221
"Dae-Ho Lee",2016,"R",0.27,0.56,200
"Dan Vogelbach",2019,"L",0.215547703180212,0.653710247349823,283
"Daniel Descalso",2017,"L",0.265217391304348,0.526086956521739,230
"Daniel Descalso",2018,"L",0.288288288288288,0.626126126126126,222
"Daniel Murphy",2015,"L",0.264563106796116,0.470873786407767,412
"Daniel Murphy",2016,"L",0.332547169811321,0.655660377358491,424
"Daniel Murphy",2017,"L",0.31615925058548,0.625292740046838,427
"Daniel Murphy",2018,"L",0.293893129770992,0.473282442748092,262
"Daniel Murphy",2019,"L",0.3,0.505882352941176,340
"Daniel Palka",2018,"L",0.268085106382979,0.736170212765957,235
"Danny Espinosa",2016,"L",0.251028806584362,0.506172839506173,243
"Danny Jansen",2019,"R",0.220472440944882,0.480314960629921,254
"Danny Santana",2019,"L",0.318407960199005,0.761194029850746,201
"Danny Valencia",2015,"R",0.319327731092437,0.634453781512605,238
"Danny Valencia",2016,"R",0.335384615384615,0.553846153846154,325
"Danny Valencia",2017,"R",0.3,0.546666666666667,300
"Dansby Swanson",2017,"R",0.29607250755287,0.447129909365559,331
"Dansby Swanson",2018,"R",0.276276276276276,0.537537537537538,333
"Dansby Swanson",2019,"R",0.281065088757396,0.541420118343195,338
"Darwin Barney",2016,"R",0.301980198019802,0.430693069306931,202
"Darwin Barney",2017,"R",0.257575757575758,0.397727272727273,264
"David Dahl",2019,"L",0.37246963562753,0.708502024291498,247
"David DeJesus",2015,"L",0.25,0.402777777777778,216
"David Fletcher",2018,"R",0.311203319502075,0.4149377593361,241
"David Fletcher",2019,"R",0.325910931174089,0.435222672064777,494
"David Freese",2015,"R",0.271777003484321,0.526132404181185,287
"David Freese",2016,"R",0.354243542435424,0.612546125461255,271
"David Freese",2017,"R",0.332191780821918,0.523972602739726,292
"David Murphy",2015,"L",0.281879194630872,0.476510067114094,298
"David Ortiz",2015,"L",0.249400479616307,0.693045563549161,417
"David Ortiz",2016,"L",0.276029055690073,0.721549636803874,413
"David Peralta",2015,"L",0.346820809248555,0.670520231213873,346
"David Peralta",2017,"L",0.313131313131313,0.547979797979798,396
"David Peralta",2018,"L",0.310173697270471,0.655086848635236,403
"David Peralta",2019,"L",0.32129963898917,0.574007220216607,277
"Dawel Lugo",2019,"R",0.27536231884058,0.473429951690821,207
"Dee Gordon",2015,"L",0.374233128834356,0.478527607361963,489
"Dee Gordon",2016,"L",0.317647058823529,0.407843137254902,255
"Dee Gordon",2017,"L",0.365570599613153,0.448742746615087,517
"Dee Gordon",2018,"L",0.295404814004376,0.393873085339168,457
"Dee Gordon",2019,"L",0.299342105263158,0.407894736842105,304
"Delino Deshields Jr.",2015,"R",0.333333333333333,0.483974358974359,312
"Delino Deshields Jr.",2017,"R",0.35546875,0.5078125,256
"Delino Deshields Jr.",2018,"R",0.256198347107438,0.347107438016529,242
"Delino Deshields Jr.",2019,"R",0.326693227091633,0.48207171314741,251
"Denard Span",2015,"L",0.318840579710145,0.478260869565217,207
"Denard Span",2016,"L",0.280898876404494,0.438202247191011,445
"Denard Span",2017,"L",0.286075949367089,0.50379746835443,395
"Denard Span",2018,"L",0.284431137724551,0.520958083832335,334
"Derek Dietrich",2016,"L",0.349593495934959,0.585365853658537,246
"Derek Dietrich",2017,"L",0.292592592592593,0.574074074074074,270
"Derek Dietrich",2018,"L",0.321637426900585,0.567251461988304,342
"Derek Norris",2015,"R",0.297142857142857,0.514285714285714,350
"Derek Norris",2016,"R",0.236842105263158,0.496240601503759,266
"Devon Travis",2016,"R",0.346534653465347,0.570957095709571,303
"Devon Travis",2018,"R",0.243346007604563,0.452471482889734,263
"Dexter Fowler",2015,"L",0.266025641025641,0.53525641025641,312
"Dexter Fowler",2016,"L",0.358490566037736,0.660377358490566,212
"Dexter Fowler",2017,"L",0.301435406698565,0.722488038277512,209
"Dexter Fowler",2019,"L",0.294605809128631,0.62655601659751,241
"Didi Gregorius",2015,"L",0.278195488721804,0.426065162907268,399
"Didi Gregorius",2016,"L",0.278396436525612,0.532293986636971,449
"Didi Gregorius",2017,"L",0.269585253456221,0.548387096774194,434
"Didi Gregorius",2018,"L",0.25062656641604,0.588972431077694,399
"Didi Gregorius",2019,"L",0.239316239316239,0.551282051282051,234
"DJ LeMahieu",2015,"R",0.36768149882904,0.496487119437939,427
"DJ LeMahieu",2016,"R",0.361419068736142,0.529933481152993,451
"DJ LeMahieu",2017,"R",0.348697394789579,0.478957915831663,499
"DJ LeMahieu",2018,"R",0.282758620689655,0.491954022988506,435
"DJ LeMahieu",2019,"R",0.334710743801653,0.621900826446281,484
"Domingo Santana",2017,"R",0.332298136645963,0.763975155279503,322
"Domingo Santana",2019,"R",0.337078651685393,0.685393258426966,267
"Dustin Pedroia",2015,"R",0.3125,0.523026315789474,304
"Dustin Pedroia",2016,"R",0.328031809145129,0.500994035785288,503
"Dustin Pedroia",2017,"R",0.323170731707317,0.454268292682927,328
"Dwight Smith Jr.",2019,"L",0.272030651340996,0.555555555555556,261
"Eddie Rosario",2015,"L",0.335504885993485,0.625407166123778,307
"Eddie Rosario",2016,"L",0.316742081447964,0.579185520361991,221
"Eddie Rosario",2017,"L",0.299019607843137,0.617647058823529,408
"Eddie Rosario",2018,"L",0.304038004750594,0.59144893111639,421
"Eddie Rosario",2019,"L",0.258849557522124,0.59070796460177,452
"Eduardo Escobar",2015,"L",0.296650717703349,0.511961722488038,209
"Eduardo Escobar",2017,"L",0.247524752475248,0.594059405940594,202
"Eduardo Escobar",2018,"L",0.278985507246377,0.670289855072464,276
"Eduardo Escobar",2019,"L",0.256716417910448,0.602985074626866,335
"Eduardo Nunez",2016,"R",0.313953488372093,0.516279069767442,430
"Eduardo Nunez",2017,"R",0.329842931937173,0.520942408376963,382
"Eduardo Nunez",2018,"R",0.289473684210526,0.468421052631579,380
"Edwin Encarnacion",2015,"R",0.253807106598985,0.66243654822335,394
"Edwin Encarnacion",2016,"R",0.252314814814815,0.699074074074074,432
"Edwin Encarnacion",2017,"R",0.251928020565553,0.660668380462725,389
"Edwin Encarnacion",2018,"R",0.25,0.623563218390805,348
"Edwin Encarnacion",2019,"R",0.226480836236934,0.700348432055749,287
"Elias Diaz",2019,"R",0.293617021276596,0.387234042553191,235
"Eloy Jimenez",2019,"R",0.284810126582278,0.705696202531646,316
"Elvis Andrus",2015,"R",0.291242362525458,0.417515274949084,491
"Elvis Andrus",2016,"R",0.316953316953317,0.486486486486487,407
"Elvis Andrus",2017,"R",0.320079522862823,0.552683896620278,503
"Elvis Andrus",2018,"R",0.296416938110749,0.452768729641694,307
"Elvis Andrus",2019,"R",0.299163179916318,0.47071129707113,478
"Ender Inciarte",2015,"L",0.328735632183908,0.459770114942529,435
"Ender Inciarte",2016,"L",0.329439252336449,0.441588785046729,428
"Ender Inciarte",2017,"L",0.335849056603774,0.473584905660377,530
"Ender Inciarte",2018,"L",0.279749478079332,0.438413361169102,479
"Enrique Hernandez",2017,"R",0.236453201970443,0.576354679802956,203
"Enrique Hernandez",2018,"R",0.243055555555556,0.569444444444444,288
"Enrique Hernandez",2019,"R",0.25503355704698,0.533557046979866,298
"Eric Hosmer",2015,"L",0.334065934065934,0.573626373626374,455
"Eric Hosmer",2016,"L",0.293302540415704,0.542725173210162,433
"Eric Hosmer",2017,"L",0.336263736263736,0.604395604395604,455
"Eric Hosmer",2018,"L",0.294520547945205,0.515981735159817,438
"Eric Hosmer",2019,"L",0.309633027522936,0.568807339449541,436
"Eric Sogard",2015,"L",0.279863481228669,0.351535836177474,293
"Eric Sogard",2017,"L",0.308457711442786,0.447761194029851,201
"Eric Sogard",2019,"L",0.300632911392405,0.54746835443038,316
"Eric Thames",2017,"L",0.27007299270073,0.773722627737226,274
"Eric Thames",2019,"L",0.298701298701299,0.796536796536797,231
"Erick Aybar",2015,"L",0.293956043956044,0.39010989010989,364
"Erick Aybar",2016,"L",0.264069264069264,0.359307359307359,231
"Eugenio Suarez",2015,"R",0.315985130111524,0.587360594795539,269
"Eugenio Suarez",2016,"R",0.288659793814433,0.551546391752577,388
"Eugenio Suarez",2017,"R",0.295392953929539,0.617886178861789,369
"Eugenio Suarez",2018,"R",0.290760869565217,0.728260869565217,368
"Eugenio Suarez",2019,"R",0.267567567567568,0.837837837837838,370
"Evan Gattis",2015,"R",0.251764705882353,0.569411764705882,425
"Evan Gattis",2016,"R",0.248299319727891,0.69047619047619,294
"Evan Gattis",2017,"R",0.269230769230769,0.521367521367521,234
"Evan Gattis",2018,"R",0.206081081081081,0.557432432432432,296
"Evan Longoria",2015,"R",0.299126637554585,0.563318777292576,458
"Evan Longoria",2016,"R",0.275641025641026,0.685897435897436,468
"Evan Longoria",2017,"R",0.278586278586279,0.515592515592516,481
"Evan Longoria",2018,"R",0.260387811634349,0.498614958448753,361
"Evan Longoria",2019,"R",0.290030211480363,0.580060422960725,331
"Fernando Tatis Jr.",2019,"R",0.3710407239819,0.864253393665158,221
"Francisco Cervelli",2015,"R",0.337423312883436,0.48159509202454,326
"Francisco Cervelli",2016,"R",0.317269076305221,0.393574297188755,249
"Francisco Cervelli",2018,"R",0.300847457627119,0.538135593220339,236
"Francisco Lindor",2016,"L",0.319018404907975,0.503067484662577,326
"Francisco Lindor",2017,"L",0.232758620689655,0.531609195402299,348
"Francisco Lindor",2018,"L",0.228947368421053,0.589473684210526,380
"Francisco Lindor",2019,"L",0.282539682539683,0.631746031746032,315
"Franmil Reyes",2019,"R",0.252307692307692,0.753846153846154,325
"Freddie Freeman",2015,"L",0.30794701986755,0.609271523178808,302
"Freddie Freeman",2016,"L",0.341085271317829,0.767441860465116,387
"Freddie Freeman",2017,"L",0.309375,0.75625,320
"Freddie Freeman",2018,"L",0.334061135371179,0.624454148471616,458
"Freddie Freeman",2019,"L",0.291196388261851,0.659142212189616,443
"Freddy Galvis",2015,"L",0.273615635179153,0.407166123778502,307
"Freddy Galvis",2016,"L",0.284789644012945,0.572815533980582,309
"Freddy Galvis",2017,"L",0.276527331189711,0.488745980707395,311
"Freddy Galvis",2018,"L",0.278571428571429,0.446428571428571,280
"Freddy Galvis",2019,"L",0.271317829457364,0.612403100775194,258
"Garrett Cooper",2019,"R",0.333333333333333,0.597701149425287,261
"Garrett Hampson",2019,"R",0.314009661835749,0.531400966183575,207
"Gary Sanchez",2017,"R",0.276595744680851,0.696048632218845,329
"Gary Sanchez",2018,"R",0.180555555555556,0.578703703703704,216
"Gary Sanchez",2019,"R",0.218623481781377,0.773279352226721,247
"George Springer",2015,"R",0.325757575757576,0.640151515151515,264
"George Springer",2016,"R",0.288461538461538,0.629807692307692,416
"George Springer",2017,"R",0.282238442822384,0.661800486618005,411
"George Springer",2018,"R",0.29,0.57,400
"George Springer",2019,"R",0.268011527377522,0.757925072046109,347
"Gerardo Parra",2015,"L",0.307142857142857,0.516666666666667,420
"Gerardo Parra",2016,"L",0.278810408921933,0.479553903345725,269
"Gerardo Parra",2017,"L",0.338762214983713,0.52442996742671,307
"Gerardo Parra",2018,"L",0.32807570977918,0.43217665615142,317
"Gerardo Parra",2019,"L",0.253731343283582,0.482587064676617,201
"Giancarlo Stanton",2016,"R",0.275590551181102,0.744094488188976,254
"Giancarlo Stanton",2017,"R",0.257575757575758,0.848484848484849,396
"Giancarlo Stanton",2018,"R",0.305851063829787,0.742021276595745,376
"Giovanny Urshela",2019,"R",0.319018404907975,0.656441717791411,326
"Gleyber Torres",2018,"R",0.307958477508651,0.671280276816609,289
"Gleyber Torres",2019,"R",0.266169154228856,0.696517412935323,402
"Gorkys Hernandez",2017,"R",0.322869955156951,0.417040358744395,223
"Gorkys Hernandez",2018,"R",0.268041237113402,0.542955326460481,291
"Greg Garcia",2019,"L",0.321266968325792,0.48868778280543,221
"Gregor Blanco",2015,"L",0.327868852459016,0.491803278688525,244
"Gregory Polanco",2015,"L",0.305164319248826,0.485915492957746,426
"Gregory Polanco",2016,"L",0.280519480519481,0.592207792207792,385
"Gregory Polanco",2017,"L",0.260869565217391,0.468227424749164,299
"Gregory Polanco",2018,"L",0.262839879154079,0.619335347432024,331
"Guillermo Heredia",2017,"R",0.287625418060201,0.421404682274247,299
"Guillermo Heredia",2018,"R",0.255506607929515,0.383259911894273,227
"Hanley Ramirez",2015,"R",0.250825082508251,0.481848184818482,303
"Hanley Ramirez",2016,"R",0.306068601583113,0.656992084432718,379
"Hanley Ramirez",2017,"R",0.251412429378531,0.567796610169492,354
"Hanser Alberto",2019,"R",0.31390134529148,0.459641255605381,446
"Harold Castro",2019,"L",0.353846153846154,0.5,260
"Harold Ramirez",2019,"R",0.323717948717949,0.532051282051282,312
"Harrison Bader",2018,"R",0.349593495934959,0.642276422764228,246
"Harrison Bader",2019,"R",0.257009345794392,0.565420560747664,214
"Hernan Perez",2016,"R",0.305263157894737,0.547368421052632,285
"Hernan Perez",2017,"R",0.283950617283951,0.518518518518518,324
"Hernan Perez",2018,"R",0.290598290598291,0.495726495726496,234
"Howie Kendrick",2015,"R",0.330508474576271,0.494350282485876,354
"Howie Kendrick",2016,"R",0.299465240641711,0.449197860962567,374
"Howie Kendrick",2017,"R",0.358078602620087,0.611353711790393,229
"Howie Kendrick",2019,"R",0.345454545454545,0.68,275
"Hunter Dozier",2018,"R",0.28936170212766,0.548936170212766,235
"Hunter Dozier",2019,"R",0.325,0.727777777777778,360
"Hunter Pence",2016,"R",0.339222614840989,0.6113074204947,283
"Hunter Pence",2017,"R",0.296791443850267,0.481283422459893,374
"Hunter Pence",2019,"R",0.315533980582524,0.679611650485437,206
"Hunter Renfroe",2017,"R",0.263888888888889,0.690972222222222,288
"Hunter Renfroe",2018,"R",0.242105263157895,0.649122807017544,285
"Hunter Renfroe",2019,"R",0.212230215827338,0.715827338129496,278
"Hyun-soo Kim",2016,"L",0.344827586206897,0.504310344827586,232
"Ian Desmond",2015,"R",0.288888888888889,0.558333333333333,360
"Ian Desmond",2016,"R",0.331050228310502,0.600456621004566,438
"Ian Desmond",2017,"R",0.322314049586777,0.487603305785124,242
"Ian Desmond",2018,"R",0.256997455470738,0.549618320610687,393
"Ian Desmond",2019,"R",0.289902280130293,0.644951140065147,307
"Ian Kinsler",2015,"R",0.314629258517034,0.464929859719439,499
"Ian Kinsler",2016,"R",0.304157549234136,0.595185995623632,457
"Ian Kinsler",2017,"R",0.228110599078341,0.476958525345622,434
"Ian Kinsler",2018,"R",0.244389027431421,0.42643391521197,401
"Ichiro Suzuki",2015,"L",0.238853503184713,0.280254777070064,314
"Ichiro Suzuki",2016,"L",0.340909090909091,0.435606060606061,264
"Isiah Kiner-Falefa",2018,"R",0.294964028776978,0.431654676258993,278
"J.D. Davis",2019,"R",0.343642611683849,0.694158075601375,291
"J.D. Martinez",2015,"R",0.313157894736842,0.726315789473684,380
"J.D. Martinez",2016,"R",0.353535353535354,0.723905723905724,297
"J.D. Martinez",2017,"R",0.27681660899654,0.961937716262976,289
"J.D. Martinez",2018,"R",0.339950372208437,0.833746898263027,403
"J.D. Martinez",2019,"R",0.312655086848635,0.722084367245658,403
"J.J. Hardy",2015,"R",0.258389261744966,0.399328859060403,298
"J.J. Hardy",2016,"R",0.290123456790123,0.484567901234568,324
"J.P. Crawford",2019,"L",0.264,0.488,250
"J.T. Realmuto",2015,"R",0.270588235294118,0.470588235294118,340
"J.T. Realmuto",2016,"R",0.34025974025974,0.501298701298701,385
"J.T. Realmuto",2017,"R",0.313624678663239,0.544987146529563,389
"J.T. Realmuto",2018,"R",0.30028328611898,0.60056657223796,353
"J.T. Realmuto",2019,"R",0.293367346938776,0.637755102040816,392
"J.T. Riddle",2018,"L",0.265486725663717,0.486725663716814,226
"Jace Peterson",2015,"L",0.283544303797468,0.420253164556962,395
"Jace Peterson",2016,"L",0.280155642023346,0.400778210116732,257
"Jackie Bradley Jr.",2016,"L",0.300531914893617,0.638297872340426,376
"Jackie Bradley Jr.",2017,"L",0.285285285285285,0.525525525525526,333
"Jackie Bradley Jr.",2018,"L",0.285714285714286,0.545454545454545,308
"Jackie Bradley Jr.",2019,"L",0.26813880126183,0.605678233438486,317
"Jacob Lamb",2015,"L",0.340163934426229,0.524590163934426,244
"Jacob Lamb",2016,"L",0.264367816091954,0.704022988505747,348
"Jacob Lamb",2017,"L",0.272222222222222,0.672222222222222,360
"Jacoby Ellsbury",2015,"L",0.292035398230089,0.427728613569322,339
"Jacoby Ellsbury",2016,"L",0.293181818181818,0.440909090909091,440
"Jacoby Ellsbury",2017,"L",0.300380228136882,0.475285171102662,263
"JaCoby Jones",2018,"R",0.261818181818182,0.52,275
"Jake Bauers",2018,"L",0.231527093596059,0.566502463054187,203
"Jake Bauers",2019,"L",0.275,0.545833333333333,240
"Jake Marisnick",2015,"R",0.282511210762332,0.524663677130045,223
"Jake Smolinski",2016,"R",0.251082251082251,0.398268398268398,231
"James Loney",2015,"L",0.301324503311258,0.387417218543046,302
"James Loney",2016,"L",0.265957446808511,0.432624113475177,282
"James McCann",2015,"R",0.324909747292419,0.487364620938628,277
"James McCann",2016,"R",0.28436018957346,0.554502369668246,211
"James McCann",2017,"R",0.292887029288703,0.556485355648536,239
"James McCann",2018,"R",0.276666666666667,0.436666666666667,300
"James McCann",2019,"R",0.329824561403509,0.659649122807018,285
"Jarrod Dyson",2016,"L",0.297413793103448,0.418103448275862,232
"Jarrod Dyson",2017,"L",0.28735632183908,0.413793103448276,261
"Jarrod Dyson",2019,"L",0.26551724137931,0.406896551724138,290
"Jason Castro",2015,"L",0.259433962264151,0.55188679245283,212
"Jason Castro",2017,"L",0.302222222222222,0.551111111111111,225
"Jason Heyward",2015,"L",0.308235294117647,0.505882352941176,425
"Jason Heyward",2016,"L",0.251908396946565,0.39440203562341,393
"Jason Heyward",2017,"L",0.280966767371601,0.465256797583082,331
"Jason Heyward",2018,"L",0.292263610315186,0.464183381088825,349
"Jason Heyward",2019,"L",0.272,0.533333333333333,375
"Jason Kipnis",2015,"L",0.35,0.556818181818182,440
"Jason Kipnis",2016,"L",0.306997742663657,0.611738148984199,443
"Jason Kipnis",2017,"L",0.244635193133047,0.527896995708155,233
"Jason Kipnis",2018,"L",0.241469816272966,0.47244094488189,381
"Jason Kipnis",2019,"L",0.259776536312849,0.508379888268156,358
"Javier Baez",2016,"R",0.319148936170213,0.539007092198582,282
"Javier Baez",2017,"R",0.312080536912752,0.701342281879195,298
"Javier Baez",2018,"R",0.325925925925926,0.733333333333333,405
"Javier Baez",2019,"R",0.319209039548023,0.742937853107345,354
"Jay Bruce",2015,"L",0.24047619047619,0.578571428571429,420
"Jay Bruce",2016,"L",0.245333333333333,0.634666666666667,375
"Jay Bruce",2017,"L",0.257142857142857,0.677922077922078,385
"Jay Bruce",2018,"L",0.247787610619469,0.433628318584071,226
"Jay Bruce",2019,"L",0.172897196261682,0.728971962616822,214
"Jayson Werth",2015,"R",0.243362831858407,0.508849557522124,226
"Jayson Werth",2016,"R",0.262569832402235,0.533519553072626,358
"Jean Segura",2015,"R",0.291079812206573,0.39906103286385,426
"Jean Segura",2016,"R",0.336520076481836,0.573613766730402,523
"Jean Segura",2017,"R",0.318289786223278,0.494061757719715,421
"Jean Segura",2018,"R",0.325349301397206,0.475049900199601,501
"Jean Segura",2019,"R",0.296610169491525,0.48728813559322,472
"Jed Lowrie",2017,"L",0.308139534883721,0.558139534883721,344
"Jed Lowrie",2018,"L",0.287625418060201,0.615384615384615,299
"Jedd Gyorko",2015,"R",0.271477663230241,0.508591065292096,291
"Jedd Gyorko",2016,"R",0.222627737226277,0.613138686131387,274
"Jedd Gyorko",2017,"R",0.296416938110749,0.599348534201954,307
"Jedd Gyorko",2018,"R",0.301158301158301,0.532818532818533,259
"Jeff Francoeur",2015,"R",0.288288288288288,0.576576576576577,222
"Jeff Francoeur",2016,"R",0.323943661971831,0.535211267605634,213
"Jeff McNeil",2019,"L",0.317848410757946,0.616136919315403,409
"Jeimer Candelario",2018,"L",0.233716475095785,0.498084291187739,261
"Jesse Winker",2018,"L",0.336405529953917,0.52073732718894,217
"Jesse Winker",2019,"L",0.27734375,0.578125,256
"Jesus Aguilar",2018,"R",0.27299703264095,0.70326409495549,337
"Jesus Aguilar",2019,"R",0.252173913043478,0.48695652173913,230
"Jhonny Peralta",2015,"R",0.3,0.497727272727273,440
"Jhonny Peralta",2016,"R",0.276995305164319,0.488262910798122,213
"Ji-Man Choi",2019,"L",0.274914089347079,0.615120274914089,291
"Jimmy Rollins",2015,"L",0.201954397394137,0.41042345276873,307
"Joc Pederson",2015,"L",0.244755244755245,0.646853146853147,286
"Joc Pederson",2016,"L",0.28125,0.69140625,256
"Joc Pederson",2018,"L",0.230496453900709,0.652482269503546,282
"Joc Pederson",2019,"L",0.209003215434084,0.70096463022508,311
"Joe Mauer",2015,"L",0.296137339055794,0.457081545064378,466
"Joe Mauer",2016,"L",0.282191780821918,0.463013698630137,365
"Joe Mauer",2017,"L",0.343065693430657,0.464720194647202,411
"Joe Mauer",2018,"L",0.328165374677003,0.462532299741602,387
"Joe Panik",2015,"L",0.326923076923077,0.509615384615385,312
"Joe Panik",2016,"L",0.242819843342037,0.425587467362924,383
"Joe Panik",2017,"L",0.294392523364486,0.460280373831776,428
"Joe Panik",2018,"L",0.269592476489028,0.360501567398119,319
"Joe Panik",2019,"L",0.257217847769029,0.364829396325459,381
"Joey Gallo",2017,"L",0.207373271889401,0.91705069124424,217
"Joey Gallo",2018,"L",0.225925925925926,0.840740740740741,270
"Joey Votto",2015,"L",0.361256544502618,0.727748691099476,382
"Joey Votto",2016,"L",0.338095238095238,0.7,420
"Joey Votto",2017,"L",0.3,0.671739130434783,460
"Joey Votto",2018,"L",0.335078534031414,0.531413612565445,382
"Joey Votto",2019,"L",0.298666666666667,0.546666666666667,375
"Joey Wendle",2018,"L",0.342783505154639,0.528350515463918,388
"Johan Camargo",2018,"L",0.293023255813953,0.548837209302326,215
"John Jaso",2016,"L",0.308474576271186,0.505084745762712,295
"Johnny Giavotella",2015,"R",0.293963254593176,0.427821522309711,381
"Johnny Giavotella",2016,"R",0.263888888888889,0.420138888888889,288
"Jon Jay",2016,"L",0.36328125,0.50390625,256
"Jon Jay",2017,"L",0.369565217391304,0.47463768115942,276
"Jon Jay",2018,"L",0.315789473684211,0.423444976076555,418
"Jonathan Lucroy",2015,"R",0.280276816608997,0.460207612456747,289
"Jonathan Lucroy",2016,"R",0.31043956043956,0.60989010989011,364
"Jonathan Lucroy",2017,"R",0.282857142857143,0.414285714285714,350
"Jonathan Lucroy",2018,"R",0.270029673590504,0.379821958456973,337
"Jonathan Lucroy",2019,"R",0.248868778280543,0.361990950226244,221
"Jonathan Schoop",2015,"R",0.330188679245283,0.693396226415094,212
"Jonathan Schoop",2016,"R",0.282850779510022,0.565701559020045,449
"Jonathan Schoop",2017,"R",0.315098468271335,0.649890590809628,457
"Jonathan Schoop",2018,"R",0.248538011695906,0.549707602339181,342
"Jonathan Schoop",2019,"R",0.277027027027027,0.625,296
"Jonathan Villar",2016,"L",0.342657342657343,0.590909090909091,286
"Jonathan Villar",2018,"L",0.333333333333333,0.535087719298246,228
"Jonathan Villar",2019,"L",0.343859649122807,0.666666666666667,285
"Jordy Mercer",2015,"R",0.279605263157895,0.384868421052632,304
"Jordy Mercer",2016,"R",0.27511961722488,0.442583732057416,418
"Jordy Mercer",2017,"R",0.276041666666667,0.486979166666667,384
"Jordy Mercer",2018,"R",0.294520547945205,0.469178082191781,292
"Jorge Alfaro",2019,"R",0.347490347490348,0.656370656370656,259
"Jorge Bonifacio",2017,"R",0.319502074688797,0.663900414937759,241
"Jorge Polanco",2017,"L",0.264591439688716,0.501945525291829,257
"Jorge Polanco",2019,"L",0.320474777448071,0.629080118694362,337
"Jorge Soler",2015,"R",0.353448275862069,0.59051724137931,232
"Jorge Soler",2019,"R",0.266666666666667,0.782051282051282,390
"Jose Abreu",2015,"R",0.318906605922551,0.665148063781321,439
"Jose Abreu",2016,"R",0.312765957446809,0.570212765957447,470
"Jose Abreu",2017,"R",0.313684210526316,0.661052631578947,475
"Jose Abreu",2018,"R",0.281842818428184,0.577235772357724,369
"Jose Abreu",2019,"R",0.290598290598291,0.634615384615385,468
"Jose Altuve",2015,"R",0.320964749536178,0.504638218923933,539
"Jose Altuve",2016,"R",0.332075471698113,0.590566037735849,530
"Jose Altuve",2017,"R",0.345911949685535,0.637316561844864,477
"Jose Altuve",2018,"R",0.34192037470726,0.53864168618267,427
"Jose Altuve",2019,"R",0.277922077922078,0.633766233766234,385
"Jose Bautista",2015,"R",0.224096385542169,0.643373493975904,415
"Jose Bautista",2016,"R",0.229452054794521,0.578767123287671,292
"Jose Bautista",2017,"R",0.237851662404092,0.521739130434783,391
"Jose Bautista",2018,"R",0.238805970149254,0.552238805970149,201
"Jose Iglesias",2015,"R",0.327485380116959,0.412280701754386,342
"Jose Iglesias",2016,"R",0.264550264550265,0.37037037037037,378
"Jose Iglesias",2017,"R",0.276595744680851,0.412234042553192,376
"Jose Iglesias",2018,"R",0.289544235924933,0.439678284182306,373
"Jose Iglesias",2019,"R",0.309226932668329,0.466334164588529,401
"Jose Martinez",2018,"R",0.334140435835351,0.554479418886199,413
"Jose Martinez",2019,"R",0.317596566523605,0.523605150214592,233
"Jose Peraza",2017,"R",0.29873417721519,0.372151898734177,395
"Jose Peraza",2018,"R",0.296992481203008,0.466165413533835,532
"Jose Peraza",2019,"R",0.271477663230241,0.391752577319588,291
"Jose Pirela",2017,"R",0.326086956521739,0.643478260869565,230
"Jose Pirela",2018,"R",0.306501547987616,0.452012383900929,323
"Jose Ramirez",2016,"L",0.320388349514563,0.498381877022654,309
"Jose Ramirez",2017,"L",0.298013245033113,0.632450331125828,302
"Jose Ramirez",2018,"L",0.210355987055016,0.656957928802589,309
"Jose Ramirez",2019,"L",0.233870967741935,0.584677419354839,248
"Jose Reyes",2015,"L",0.304182509505703,0.444866920152091,263
"Jose Reyes",2017,"L",0.253289473684211,0.463815789473684,304
"Josh Bell",2017,"L",0.277777777777778,0.59375,288
"Josh Bell",2018,"L",0.3046875,0.5,256
"Josh Bell",2019,"L",0.280936454849498,0.735785953177257,299
"Josh Donaldson",2015,"R",0.283870967741935,0.701075268817204,465
"Josh Donaldson",2016,"R",0.267605633802817,0.65962441314554,426
"Josh Donaldson",2017,"R",0.255395683453237,0.798561151079137,278
"Josh Donaldson",2019,"R",0.273712737127371,0.734417344173442,369
"Josh Harrison",2015,"R",0.33968253968254,0.466666666666667,315
"Josh Harrison",2016,"R",0.317733990147783,0.45320197044335,406
"Josh Harrison",2017,"R",0.282608695652174,0.527173913043478,368
"Josh Harrison",2018,"R",0.276923076923077,0.442307692307692,260
"Josh Phegley",2019,"R",0.252100840336134,0.491596638655462,238
"Josh Reddick",2015,"L",0.262295081967213,0.494145199063232,427
"Josh Reddick",2016,"L",0.297805642633229,0.482758620689655,319
"Josh Reddick",2017,"L",0.325641025641026,0.548717948717949,390
"Josh Reddick",2018,"L",0.25,0.488235294117647,340
"Josh Reddick",2019,"L",0.274463007159905,0.463007159904535,419
"Juan Lagares",2015,"R",0.298461538461538,0.449230769230769,325
"Juan Soto",2018,"L",0.327586206896552,0.696551724137931,290
"Juan Soto",2019,"L",0.284574468085106,0.720744680851064,376
"Juan Uribe",2015,"R",0.269961977186312,0.509505703422053,263
"Jung-Ho Kang",2015,"R",0.338983050847458,0.610169491525424,295
"Jung-Ho Kang",2016,"R",0.248888888888889,0.697777777777778,225
"Jurickson Profar",2018,"L",0.247232472324723,0.575645756457565,271
"Jurickson Profar",2019,"L",0.161048689138577,0.453183520599251,267
"Justin Bour",2015,"L",0.291044776119403,0.690298507462687,268
"Justin Bour",2016,"L",0.251231527093596,0.586206896551724,203
"Justin Bour",2017,"L",0.301526717557252,0.717557251908397,262
"Justin Bour",2018,"L",0.269662921348315,0.591760299625468,267
"Justin Smoak",2017,"L",0.241830065359477,0.722222222222222,306
"Justin Smoak",2018,"L",0.284313725490196,0.774509803921569,204
"Justin Turner",2015,"R",0.311188811188811,0.615384615384615,286
"Justin Turner",2016,"R",0.275294117647059,0.6,425
"Justin Turner",2017,"R",0.302083333333333,0.588541666666667,384
"Justin Turner",2018,"R",0.326460481099656,0.604810996563574,291
"Justin Turner",2019,"R",0.289972899728997,0.623306233062331,369
"Justin Upton",2015,"R",0.277472527472527,0.626373626373626,364
"Justin Upton",2016,"R",0.289017341040462,0.705202312138728,346
"Justin Upton",2017,"R",0.319444444444444,0.816666666666667,360
"Justin Upton",2018,"R",0.304347826086957,0.695652173913043,345
"Kelly Johnson",2015,"L",0.304761904761905,0.604761904761905,210
"Kelly Johnson",2016,"L",0.268518518518519,0.481481481481481,216
"Kendrys Morales",2015,"L",0.275303643724696,0.635627530364372,247
"Kendrys Morales",2016,"L",0.229090909090909,0.545454545454545,275
"Kendrys Morales",2017,"L",0.223642172523962,0.520766773162939,313
"Keon Broxton",2017,"R",0.300925925925926,0.689814814814815,216
"Ketel Marte",2016,"L",0.327354260089686,0.403587443946188,223
"Ketel Marte",2018,"L",0.247058823529412,0.423529411764706,255
"Ketel Marte",2019,"L",0.325878594249201,0.686900958466454,313
"Kevan Smith",2017,"R",0.297777777777778,0.444444444444444,225
"Kevin Kiermaier",2015,"L",0.293814432989691,0.518041237113402,388
"Kevin Kiermaier",2016,"L",0.259541984732824,0.49618320610687,262
"Kevin Kiermaier",2017,"L",0.30078125,0.5859375,256
"Kevin Kiermaier",2018,"L",0.272727272727273,0.507177033492823,209
"Kevin Kiermaier",2019,"L",0.260188087774295,0.526645768025078,319
"Kevin Newman",2019,"R",0.31592039800995,0.507462686567164,402
"Kevin Pillar",2015,"R",0.294623655913978,0.466666666666667,465
"Kevin Pillar",2016,"R",0.305288461538462,0.456730769230769,416
"Kevin Pillar",2017,"R",0.28125,0.508928571428571,448
"Kevin Pillar",2018,"R",0.284237726098191,0.506459948320413,387
"Kevin Pillar",2019,"R",0.261044176706827,0.502008032128514,498
"Khris Davis",2015,"R",0.261538461538462,0.753846153846154,260
"Khris Davis",2016,"R",0.245231607629428,0.722070844686649,367
"Khris Davis",2017,"R",0.254285714285714,0.794285714285714,350
"Khris Davis",2018,"R",0.234375,0.776041666666667,384
"Khris Davis",2019,"R",0.262626262626263,0.528619528619529,297
"Kole Calhoun",2015,"L",0.28246013667426,0.567198177676538,439
"Kole Calhoun",2016,"L",0.299539170506912,0.527649769585253,434
"Kole Calhoun",2017,"L",0.272289156626506,0.51566265060241,415
"Kole Calhoun",2018,"L",0.230994152046784,0.47953216374269,342
"Kole Calhoun",2019,"L",0.244252873563218,0.626436781609195,348
"Kolten Wong",2015,"L",0.288095238095238,0.452380952380952,420
"Kolten Wong",2016,"L",0.261904761904762,0.404761904761905,252
"Kolten Wong",2017,"L",0.330798479087452,0.501901140684411,263
"Kolten Wong",2018,"L",0.258064516129032,0.433691756272401,279
"Kolten Wong",2019,"L",0.308707124010554,0.488126649076517,379
"Kris Bryant",2015,"R",0.353474320241692,0.773413897280967,331
"Kris Bryant",2016,"R",0.310513447432763,0.740831295843521,409
"Kris Bryant",2017,"R",0.318652849740933,0.699481865284974,386
"Kris Bryant",2018,"R",0.329588014981273,0.617977528089888,267
"Kris Bryant",2019,"R",0.299191374663073,0.69811320754717,371
"Kurt Suzuki",2015,"R",0.259776536312849,0.357541899441341,358
"Kurt Suzuki",2016,"R",0.279245283018868,0.490566037735849,265
"Kurt Suzuki",2017,"R",0.253588516746411,0.617224880382775,209
"Kurt Suzuki",2018,"R",0.270547945205479,0.496575342465753,292
"Kurt Suzuki",2019,"R",0.235294117647059,0.53393665158371,221
"Kyle Schwarber",2017,"L",0.233333333333333,0.733333333333333,240
"Kyle Schwarber",2018,"L",0.250936329588015,0.662921348314607,267
"Kyle Schwarber",2019,"L",0.249275362318841,0.785507246376812,345
"Kyle Seager",2015,"L",0.269230769230769,0.546558704453441,494
"Kyle Seager",2016,"L",0.288939051918736,0.627539503386005,443
"Kyle Seager",2017,"L",0.240909090909091,0.55,440
"Kyle Seager",2018,"L",0.233333333333333,0.5,420
"Kyle Seager",2019,"L",0.235714285714286,0.592857142857143,280
"Leonys Martin",2015,"L",0.258536585365854,0.409756097560976,205
"Leonys Martin",2016,"L",0.308605341246291,0.551928783382789,337
"Leonys Martin",2018,"L",0.290748898678414,0.559471365638767,227
"Leury Garcia",2019,"L",0.327205882352941,0.459558823529412,272
"Lewis Brinson",2018,"R",0.253112033195021,0.464730290456432,241
"Logan Forsythe",2015,"R",0.309002433090024,0.549878345498783,411
"Logan Forsythe",2016,"R",0.300813008130081,0.579945799457995,369
"Logan Forsythe",2017,"R",0.292181069958848,0.465020576131687,243
"Logan Forsythe",2018,"R",0.291970802919708,0.37956204379562,274
"Logan Forsythe",2019,"R",0.308056872037915,0.530805687203792,211
"Logan Morrison",2015,"L",0.225352112676056,0.461971830985915,355
"Logan Morrison",2016,"L",0.251012145748988,0.51417004048583,247
"Logan Morrison",2017,"L",0.238938053097345,0.746312684365782,339
"Logan Morrison",2018,"L",0.190697674418605,0.506976744186047,215
"Lonnie Chisenhall",2015,"L",0.277551020408163,0.469387755102041,245
"Lonnie Chisenhall",2016,"L",0.322368421052632,0.503289473684211,304
"Lorenzo Cain",2015,"R",0.337155963302752,0.584862385321101,436
"Lorenzo Cain",2016,"R",0.337931034482759,0.531034482758621,290
"Lorenzo Cain",2017,"R",0.322222222222222,0.504444444444444,450
"Lorenzo Cain",2018,"R",0.34965034965035,0.503496503496504,429
"Lorenzo Cain",2019,"R",0.278422273781903,0.4292343387471,431
"Lourdes Gurriel",2019,"R",0.276995305164319,0.746478873239437,213
"Lucas Duda",2015,"L",0.270833333333333,0.659722222222222,288
"Lucas Duda",2017,"L",0.221789883268482,0.739299610894942,257
"Lucas Duda",2018,"L",0.292237442922374,0.598173515981735,219
"Luis Arraez",2019,"L",0.36231884057971,0.481884057971014,276
"Luis Valbuena",2015,"L",0.212218649517685,0.569131832797428,311
"Luis Valbuena",2017,"L",0.199095022624434,0.642533936651584,221
"Luke Voit",2019,"R",0.306513409961686,0.681992337164751,261
"Maikel Franco",2015,"R",0.286324786324786,0.628205128205128,234
"Maikel Franco",2016,"R",0.268181818181818,0.506818181818182,440
"Maikel Franco",2017,"R",0.232142857142857,0.506696428571429,448
"Maikel Franco",2018,"R",0.263768115942029,0.536231884057971,345
"Maikel Franco",2019,"R",0.224422442244224,0.485148514851485,303
"Mallex Smith",2018,"L",0.355191256830601,0.497267759562842,366
"Mallex Smith",2019,"L",0.292537313432836,0.456716417910448,335
"Manny Machado",2015,"R",0.271457085828343,0.596806387225549,501
"Manny Machado",2016,"R",0.296146044624746,0.681541582150101,493
"Manny Machado",2017,"R",0.263803680981595,0.554192229038855,489
"Manny Machado",2018,"R",0.281437125748503,0.648702594810379,501
"Manny Machado",2019,"R",0.256818181818182,0.584090909090909,440
"Manny Pina",2017,"R",0.324561403508772,0.56140350877193,228
"Manny Pina",2018,"R",0.279661016949153,0.495762711864407,236
"Manuel Margot",2017,"R",0.301104972375691,0.519337016574586,362
"Manuel Margot",2018,"R",0.267195767195767,0.452380952380952,378
"Manuel Margot",2019,"R",0.266891891891892,0.5,296
"Marcell Ozuna",2015,"R",0.326860841423948,0.533980582524272,309
"Marcell Ozuna",2016,"R",0.278177458033573,0.563549160671463,417
"Marcell Ozuna",2017,"R",0.331818181818182,0.713636363636364,440
"Marcell Ozuna",2018,"R",0.304444444444444,0.535555555555556,450
"Marcell Ozuna",2019,"R",0.250737463126844,0.628318584070796,339
"Marcus Semien",2015,"R",0.30126582278481,0.529113924050633,395
"Marcus Semien",2016,"R",0.246268656716418,0.582089552238806,402
"Marcus Semien",2017,"R",0.289256198347107,0.508264462809917,242
"Marcus Semien",2018,"R",0.286012526096033,0.488517745302714,479
"Marcus Semien",2019,"R",0.281188118811881,0.594059405940594,505
"Mark Canha",2015,"R",0.277777777777778,0.552287581699346,306
"Mark Canha",2018,"R",0.268939393939394,0.602272727272727,264
"Mark Canha",2019,"R",0.275,0.721428571428571,280
"Mark Reynolds",2015,"R",0.289795918367347,0.587755102040816,245
"Mark Reynolds",2016,"R",0.346153846153846,0.603846153846154,260
"Mark Reynolds",2017,"R",0.309597523219814,0.721362229102167,323
"Mark Trumbo",2015,"R",0.287709497206704,0.608938547486033,358
"Mark Trumbo",2016,"R",0.258064516129032,0.744416873449132,403
"Mark Trumbo",2017,"R",0.268817204301075,0.551075268817204,372
"Mark Trumbo",2018,"R",0.278026905829596,0.573991031390135,223
"Marlon Byrd",2015,"R",0.276470588235294,0.641176470588235,340
"Martin Maldonado",2017,"R",0.257627118644068,0.454237288135593,295
"Martin Maldonado",2018,"R",0.27843137254902,0.443137254901961,255
"Martin Maldonado",2019,"R",0.240343347639485,0.506437768240343,233
"Martin Prado",2015,"R",0.314356435643564,0.462871287128713,404
"Martin Prado",2016,"R",0.326732673267327,0.467326732673267,505
"Marwin Gonzalez",2016,"L",0.284444444444444,0.502222222222222,225
"Marwin Gonzalez",2017,"L",0.342741935483871,0.701612903225806,248
"Marwin Gonzalez",2018,"L",0.28125,0.544642857142857,224
"Marwin Gonzalez",2019,"L",0.276699029126214,0.524271844660194,206
"Matt Adams",2017,"L",0.286919831223629,0.721518987341772,237
"Matt Adams",2018,"L",0.227488151658768,0.66824644549763,211
"Matt Carpenter",2015,"L",0.302798982188295,0.684478371501272,393
"Matt Carpenter",2016,"L",0.297935103244838,0.622418879056047,339
"Matt Carpenter",2017,"L",0.256338028169014,0.583098591549296,355
"Matt Carpenter",2018,"L",0.269035532994924,0.692893401015228,394
"Matt Carpenter",2019,"L",0.271317829457364,0.554263565891473,258
"Matt Chapman",2018,"R",0.32,0.696,375
"Matt Chapman",2019,"R",0.243654822335025,0.677664974619289,394
"Matt Davidson",2017,"R",0.254166666666667,0.745833333333333,240
"Matt Davidson",2018,"R",0.294117647058824,0.694117647058824,255
"Matt Duffy",2015,"R",0.330376940133038,0.518847006651885,451
"Matt Duffy",2016,"R",0.280442804428044,0.416974169741697,271
"Matt Duffy",2018,"R",0.360526315789474,0.455263157894737,380
"Matt Holliday",2016,"R",0.233108108108108,0.533783783783784,296
"Matt Holliday",2017,"R",0.260162601626016,0.59349593495935,246
"Matt Joyce",2017,"L",0.244897959183673,0.618075801749271,343
"Matt Kemp",2015,"R",0.293023255813953,0.574418604651163,430
"Matt Kemp",2016,"R",0.276785714285714,0.636160714285714,448
"Matt Kemp",2017,"R",0.30625,0.6,320
"Matt Kemp",2018,"R",0.321212121212121,0.639393939393939,330
"Matt Olson",2018,"L",0.28030303030303,0.633838383838384,396
"Matt Olson",2019,"L",0.270627062706271,0.716171617161716,303
"Matt Wieters",2016,"L",0.25531914893617,0.54468085106383,235
"Matt Wieters",2017,"L",0.247933884297521,0.421487603305785,242
"Max Kepler",2016,"L",0.240418118466899,0.554006968641115,287
"Max Kepler",2017,"L",0.248618784530387,0.544198895027624,362
"Max Kepler",2018,"L",0.227722772277228,0.504950495049505,404
"Max Kepler",2019,"L",0.235,0.6625,400
"Max Muncy",2018,"L",0.263829787234043,0.876595744680851,235
"Max Muncy",2019,"L",0.250814332247557,0.729641693811075,307
"Melky Cabrera",2015,"L",0.298429319371728,0.447643979057592,382
"Melky Cabrera",2016,"L",0.296954314720812,0.50507614213198,394
"Melky Cabrera",2017,"L",0.295918367346939,0.461734693877551,392
"Melky Cabrera",2019,"L",0.302884615384615,0.461538461538462,208
"Melvin Upton",2016,"R",0.273584905660377,0.588050314465409,318
"Michael Bourn",2015,"L",0.306930693069307,0.35973597359736,303
"Michael Bourn",2016,"L",0.343283582089552,0.511194029850746,268
"Michael Brantley",2015,"L",0.30820399113082,0.527716186252772,451
"Michael Brantley",2017,"L",0.317518248175182,0.510948905109489,274
"Michael Brantley",2018,"L",0.305785123966942,0.506198347107438,484
"Michael Brantley",2019,"L",0.307377049180328,0.575819672131147,488
"Michael Chavis",2019,"R",0.333333333333333,0.70048309178744,207
"Michael Conforto",2017,"L",0.292372881355932,0.796610169491525,236
"Michael Conforto",2018,"L",0.263736263736264,0.618131868131868,364
"Michael Conforto",2019,"L",0.268292682926829,0.650406504065041,369
"Michael Cuddyer",2015,"R",0.304029304029304,0.505494505494505,273
"Michael Saunders",2016,"L",0.300319488817891,0.699680511182109,313
"Michael Taylor",2015,"R",0.317857142857143,0.539285714285714,280
"Michael Taylor",2017,"R",0.331896551724138,0.724137931034483,232
"Michael Taylor",2018,"R",0.304932735426009,0.520179372197309,223
"Miguel Andujar",2018,"R",0.314553990610329,0.650234741784038,426
"Miguel Cabrera",2015,"R",0.368421052631579,0.625386996904025,323
"Miguel Cabrera",2016,"R",0.313364055299539,0.702764976958525,434
"Miguel Cabrera",2017,"R",0.27893175074184,0.513353115727003,337
"Miguel Cabrera",2019,"R",0.327027027027027,0.513513513513513,370
"Miguel Montero",2015,"L",0.283185840707965,0.561946902654867,226
"Miguel Rojas",2017,"R",0.319444444444444,0.407407407407407,216
"Miguel Rojas",2018,"R",0.261538461538462,0.384615384615385,390
"Miguel Rojas",2019,"R",0.31592039800995,0.432835820895522,402
"Miguel Sano",2016,"R",0.282700421940928,0.746835443037975,237
"Miguel Sano",2017,"R",0.34468085106383,0.787234042553192,235
"Mike Aviles",2015,"R",0.227272727272727,0.34297520661157,242
"Mike Moustakas",2015,"L",0.281531531531532,0.554054054054054,444
"Mike Moustakas",2017,"L",0.240566037735849,0.613207547169811,424
"Mike Moustakas",2018,"L",0.250564334085779,0.55079006772009,443
"Mike Moustakas",2019,"L",0.238578680203046,0.654822335025381,394
"Mike Napoli",2015,"R",0.266666666666667,0.580392156862745,255
"Mike Napoli",2016,"R",0.267477203647416,0.696048632218845,329
"Mike Napoli",2017,"R",0.201680672268908,0.739495798319328,238
"Mike Trout",2015,"R",0.31025641025641,0.805128205128205,390
"Mike Trout",2016,"R",0.34025974025974,0.732467532467532,385
"Mike Trout",2017,"R",0.285234899328859,0.818791946308725,298
"Mike Trout",2018,"R",0.308383233532934,0.832335329341317,334
"Mike Trout",2019,"R",0.273584905660377,0.883647798742138,318
"Mike Yastrzemski",2019,"L",0.316,0.744,250
"Mike Zunino",2015,"R",0.226415094339623,0.44811320754717,212
"Mike Zunino",2017,"R",0.309178743961353,0.879227053140097,207
"Mike Zunino",2018,"R",0.242857142857143,0.685714285714286,210
"Mikie Mahtook",2017,"R",0.308300395256917,0.600790513833992,253
"Mitch Garver",2018,"R",0.319634703196347,0.529680365296804,219
"Mitch Garver",2019,"R",0.212871287128713,0.896039603960396,202
"Mitch Haniger",2017,"R",0.311284046692607,0.626459143968872,257
"Mitch Haniger",2018,"R",0.320185614849188,0.633410672853828,431
"Mitch Moreland",2015,"L",0.297376093294461,0.629737609329446,343
"Mitch Moreland",2016,"L",0.261146496815287,0.595541401273885,314
"Mitch Moreland",2017,"L",0.269972451790634,0.584022038567493,363
"Mitch Moreland",2018,"L",0.282608695652174,0.608695652173913,276
"Mitch Moreland",2019,"L",0.246376811594203,0.676328502415459,207
"Mookie Betts",2015,"R",0.29957805907173,0.563291139240506,474
"Mookie Betts",2016,"R",0.31203007518797,0.618421052631579,532
"Mookie Betts",2017,"R",0.26078431372549,0.531372549019608,510
"Mookie Betts",2018,"R",0.340852130325815,0.786967418546366,399
"Mookie Betts",2019,"R",0.288172043010753,0.61505376344086,465
"Neil Walker",2015,"L",0.302395209580838,0.586826347305389,334
"Neil Walker",2016,"L",0.288888888888889,0.568888888888889,225
"Neil Walker",2017,"L",0.279279279279279,0.585585585585586,222
"Nelson Cruz",2015,"R",0.317617866004963,0.764267990074442,403
"Nelson Cruz",2016,"R",0.29040404040404,0.734848484848485,396
"Nelson Cruz",2017,"R",0.293367346938776,0.737244897959184,392
"Nelson Cruz",2018,"R",0.244565217391304,0.657608695652174,368
"Nelson Cruz",2019,"R",0.304918032786885,0.898360655737705,305
"Nick Ahmed",2015,"R",0.242990654205607,0.433021806853583,321
"Nick Ahmed",2016,"R",0.247706422018349,0.371559633027523,218
"Nick Ahmed",2018,"R",0.258793969849246,0.5,398
"Nick Ahmed",2019,"R",0.274004683840749,0.531615925058548,427
"Nick Castellanos",2015,"R",0.31404958677686,0.586776859504132,363
"Nick Castellanos",2016,"R",0.322344322344322,0.655677655677656,273
"Nick Castellanos",2017,"R",0.295555555555556,0.62,450
"Nick Castellanos",2018,"R",0.342222222222222,0.657777777777778,450
"Nick Castellanos",2019,"R",0.318385650224215,0.683856502242152,446
"Nick Hundley",2015,"R",0.338129496402878,0.58273381294964,278
"Nick Hundley",2016,"R",0.278301886792453,0.547169811320755,212
"Nick Markakis",2015,"L",0.339357429718876,0.43574297188755,498
"Nick Markakis",2016,"L",0.290598290598291,0.474358974358974,468
"Nick Markakis",2017,"L",0.320712694877506,0.469933184855234,449
"Nick Markakis",2018,"L",0.315686274509804,0.490196078431373,510
"Nick Markakis",2019,"L",0.302941176470588,0.464705882352941,340
"Nick Senzel",2019,"R",0.312741312741313,0.602316602316602,259
"Nick Williams",2018,"L",0.294776119402985,0.593283582089552,268
"Nicky Lopez",2019,"L",0.271565495207668,0.364217252396166,313
"Niko Goodrum",2018,"L",0.26865671641791,0.646766169154229,201
"Niko Goodrum",2019,"L",0.29,0.63,200
"Nolan Arenado",2015,"R",0.266247379454927,0.69811320754717,477
"Nolan Arenado",2016,"R",0.277207392197125,0.66735112936345,487
"Nolan Arenado",2017,"R",0.301455301455301,0.688149688149688,481
"Nolan Arenado",2018,"R",0.299776286353468,0.686800894854586,447
"Nolan Arenado",2019,"R",0.286021505376344,0.67741935483871,465
"Nomar Mazara",2016,"L",0.28686327077748,0.522788203753351,373
"Nomar Mazara",2017,"L",0.283163265306122,0.512755102040816,392
"Nomar Mazara",2018,"L",0.295977011494253,0.568965517241379,348
"Nomar Mazara",2019,"L",0.289036544850498,0.621262458471761,301
"Norichika Aoki",2015,"L",0.295302013422819,0.402684563758389,298
"Norichika Aoki",2016,"L",0.291793313069909,0.416413373860182,329
"Norichika Aoki",2017,"L",0.316363636363636,0.476363636363636,275
"Odubel Herrera",2015,"L",0.389221556886228,0.559880239520958,334
"Odubel Herrera",2016,"L",0.330917874396135,0.531400966183575,414
"Odubel Herrera",2017,"L",0.335106382978723,0.606382978723404,376
"Odubel Herrera",2018,"L",0.286802030456853,0.550761421319797,394
"Omar Infante",2015,"R",0.251412429378531,0.361581920903955,354
"Omar Narvaez",2018,"L",0.32,0.535,200
"Omar Narvaez",2019,"L",0.301639344262295,0.616393442622951,305
"Orlando Arcia",2017,"R",0.295081967213115,0.486338797814208,366
"Orlando Arcia",2018,"R",0.308641975308642,0.419753086419753,243
"Orlando Arcia",2019,"R",0.244505494505494,0.423076923076923,364
"Oscar Mercado",2019,"R",0.281976744186047,0.526162790697674,344
"Ozzie Albies",2018,"L",0.244776119402985,0.519402985074627,335
"Ozzie Albies",2019,"L",0.300791556728232,0.538258575197889,379
"Pablo Sandoval",2015,"L",0.269592476489028,0.426332288401254,319
"Paul DeJong",2017,"R",0.332075471698113,0.784905660377359,265
"Paul DeJong",2018,"R",0.270627062706271,0.584158415841584,303
"Paul DeJong",2019,"R",0.245,0.54,400
"Paul Goldschmidt",2015,"R",0.359493670886076,0.754430379746835,395
"Paul Goldschmidt",2016,"R",0.336538461538462,0.644230769230769,416
"Paul Goldschmidt",2017,"R",0.322250639386189,0.769820971867008,391
"Paul Goldschmidt",2018,"R",0.34010152284264,0.720812182741117,394
"Paul Goldschmidt",2019,"R",0.278325123152709,0.655172413793103,406
"Paulo Orlando",2016,"R",0.372727272727273,0.518181818181818,330
"Pedro Alvarez",2015,"L",0.268817204301075,0.702508960573477,279
"Pedro Alvarez",2016,"L",0.269911504424779,0.747787610619469,226
"Pedro Severino",2019,"R",0.278026905829596,0.569506726457399,223
"Pete Alonso",2019,"R",0.259946949602122,0.827586206896552,377
"Peter Bourjos",2016,"R",0.312757201646091,0.502057613168724,243
"Preston Tucker",2015,"L",0.246445497630332,0.549763033175355,211
"Prince Fielder",2015,"L",0.317171717171717,0.533333333333333,495
"Prince Fielder",2016,"L",0.226337448559671,0.415637860082305,243
"Rafael Devers",2018,"L",0.258169934640523,0.588235294117647,306
"Rafael Devers",2019,"L",0.319755600814664,0.672097759674134,491
"Raimel Tapia",2019,"L",0.341935483870968,0.564516129032258,310
"Rajai Davis",2015,"R",0.313559322033898,0.576271186440678,236
"Rajai Davis",2016,"R",0.287066246056782,0.501577287066246,317
"Rajai Davis",2017,"R",0.290598290598291,0.465811965811966,234
"Ramon Laureano",2019,"R",0.312280701754386,0.680701754385965,285
"Randal Grichuk",2016,"R",0.275,0.707142857142857,280
"Randal Grichuk",2017,"R",0.274131274131274,0.72972972972973,259
"Randal Grichuk",2018,"R",0.266187050359712,0.733812949640288,278
"Randal Grichuk",2019,"R",0.253807106598985,0.604060913705584,394
"Renato Nunez",2019,"R",0.262032085561497,0.601604278074866,374
"Rhys Hoskins",2018,"R",0.24468085106383,0.670212765957447,376
"Rhys Hoskins",2019,"R",0.258666666666667,0.624,375
"Rio Ruiz",2019,"L",0.259398496240602,0.503759398496241,266
"Robbie Grossman",2019,"L",0.297794117647059,0.459558823529412,272
"Roberto Perez",2019,"R",0.262948207171315,0.653386454183267,251
"Robinson Cano",2015,"L",0.311244979919679,0.544176706827309,498
"Robinson Cano",2016,"L",0.280701754385965,0.619883040935672,513
"Robinson Cano",2017,"L",0.278723404255319,0.529787234042553,470
"Robinson Cano",2018,"L",0.316,0.536,250
"Robinson Cano",2019,"L",0.270627062706271,0.495049504950495,303
"Robinson Chirinos",2018,"R",0.28921568627451,0.647058823529412,204
"Robinson Chirinos",2019,"R",0.293859649122807,0.671052631578947,228
"Ronald Acuna",2018,"R",0.314685314685315,0.77972027972028,286
"Ronald Acuna",2019,"R",0.306372549019608,0.698529411764706,408
"Ronald Guzman",2018,"L",0.29718875502008,0.642570281124498,249
"Ronald Torreyes",2017,"R",0.308943089430894,0.410569105691057,246
"Rougned Odor",2015,"L",0.265243902439024,0.524390243902439,328
"Rougned Odor",2016,"L",0.28175519630485,0.662817551963048,433
"Rougned Odor",2017,"L",0.209756097560976,0.521951219512195,410
"Rougned Odor",2018,"L",0.284829721362229,0.554179566563467,323
"Rougned Odor",2019,"L",0.229559748427673,0.69811320754717,318
"Rowdy Tellez",2019,"L",0.229437229437229,0.627705627705628,231
"Ruben Tejada",2015,"R",0.3003663003663,0.424908424908425,273
"Russell Martin",2015,"R",0.25,0.596153846153846,312
"Russell Martin",2016,"R",0.283636363636364,0.596363636363636,275
"Russell Martin",2017,"R",0.253658536585366,0.502439024390244,205
"Ryan Braun",2015,"R",0.288409703504043,0.622641509433962,371
"Ryan Braun",2016,"R",0.305343511450382,0.661577608142494,393
"Ryan Braun",2017,"R",0.275735294117647,0.617647058823529,272
"Ryan Braun",2018,"R",0.256578947368421,0.588815789473684,304
"Ryan Braun",2019,"R",0.308868501529052,0.663608562691132,327
"Ryan Goins",2015,"L",0.282142857142857,0.428571428571429,280
"Ryan Goins",2017,"L",0.276315789473684,0.470394736842105,304
"Ryan Howard",2015,"L",0.25,0.594594594594595,296
"Ryan Howard",2016,"L",0.175,0.675,200
"Ryan McMahon",2019,"L",0.307167235494881,0.658703071672355,293
"Ryan O'Hearn",2019,"L",0.215596330275229,0.513761467889908,218
"Ryan Zimmerman",2015,"R",0.255144032921811,0.580246913580247,243
"Ryan Zimmerman",2016,"R",0.243986254295533,0.474226804123711,291
"Ryan Zimmerman",2017,"R",0.30958904109589,0.679452054794521,365
"Ryan Zimmerman",2018,"R",0.277511961722488,0.598086124401914,209
"Ryon Healy",2017,"R",0.307692307692308,0.60545905707196,403
"Ryon Healy",2018,"R",0.245762711864407,0.516949152542373,354
"Salvador Perez",2015,"R",0.258215962441315,0.511737089201878,426
"Salvador Perez",2016,"R",0.269444444444444,0.577777777777778,360
"Salvador Perez",2017,"R",0.261627906976744,0.569767441860465,344
"Salvador Perez",2018,"R",0.232558139534884,0.534883720930233,387
"Sam Fuld",2015,"L",0.244131455399061,0.380281690140845,213
"Scooter Gennett",2015,"L",0.311787072243346,0.475285171102662,263
"Scooter Gennett",2016,"L",0.31043956043956,0.549450549450549,364
"Scooter Gennett",2017,"L",0.302469135802469,0.694444444444444,324
"Scooter Gennett",2018,"L",0.338709677419355,0.615207373271889,434
"Scott Kingery",2018,"R",0.297658862876254,0.491638795986622,299
"Scott Kingery",2019,"R",0.307692307692308,0.681818181818182,286
"Scott Schebler",2017,"L",0.238532110091743,0.678899082568807,327
"Scott Schebler",2018,"L",0.283524904214559,0.597701149425287,261
"Seth Smith",2015,"L",0.272727272727273,0.562937062937063,286
"Seth Smith",2016,"L",0.269662921348315,0.546816479400749,267
"Seth Smith",2017,"L",0.296943231441048,0.54585152838428,229
"Shin-Soo Choo",2015,"L",0.318652849740933,0.642487046632124,386
"Shin-Soo Choo",2017,"L",0.289002557544757,0.544757033248082,391
"Shin-Soo Choo",2018,"L",0.314363143631436,0.623306233062331,369
"Shin-Soo Choo",2019,"L",0.317073170731707,0.653116531165312,369
"Shohei Ohtani",2018,"L",0.317535545023697,0.848341232227488,211
"Shohei Ohtani",2019,"L",0.34,0.724,250
"Starlin Castro",2015,"R",0.294258373205742,0.442583732057416,418
"Starlin Castro",2016,"R",0.288372093023256,0.546511627906977,430
"Starlin Castro",2017,"R",0.328125,0.575,320
"Starlin Castro",2018,"R",0.331111111111111,0.506666666666667,450
"Starlin Castro",2019,"R",0.279527559055118,0.511811023622047,508
"Starling Marte",2015,"R",0.3189448441247,0.558752997601918,417
"Starling Marte",2016,"R",0.360881542699725,0.564738292011019,363
"Starling Marte",2017,"R",0.310185185185185,0.462962962962963,216
"Starling Marte",2018,"R",0.2981220657277,0.582159624413146,426
"Starling Marte",2019,"R",0.289156626506024,0.551807228915663,415
"Stephen Drew",2015,"L",0.183745583038869,0.438162544169611,283
"Stephen Piscotty",2016,"R",0.31042654028436,0.599526066350711,422
"Stephen Piscotty",2017,"R",0.279661016949153,0.504237288135593,236
"Stephen Piscotty",2018,"R",0.272076372315036,0.613365155131265,419
"Stephen Piscotty",2019,"R",0.265060240963855,0.502008032128514,249
"Stephen Vogt",2015,"L",0.276073619631902,0.542944785276074,326
"Stephen Vogt",2016,"L",0.279255319148936,0.507978723404255,376
"Stephen Vogt",2017,"L",0.235,0.505,200
"Steve Pearce",2015,"R",0.213592233009709,0.548543689320388,206
"Steve Pearce",2017,"R",0.271929824561404,0.552631578947368,228
"Steven Souza",2015,"R",0.297169811320755,0.660377358490566,212
"Steven Souza",2016,"R",0.336099585062241,0.655601659751037,241
"Steven Souza",2017,"R",0.276923076923077,0.704615384615385,325
"Teoscar Hernandez",2018,"R",0.294915254237288,0.688135593220339,295
"Teoscar Hernandez",2019,"R",0.270491803278689,0.754098360655738,244
"Tim Anderson",2016,"R",0.355805243445693,0.599250936329588,267
"Tim Anderson",2017,"R",0.306172839506173,0.550617283950617,405
"Tim Anderson",2018,"R",0.264339152119701,0.538653366583541,401
"Tim Anderson",2019,"R",0.390581717451524,0.650969529085873,361
"Tim Beckham",2017,"R",0.346268656716418,0.650746268656716,335
"Tim Beckham",2018,"R",0.266409266409266,0.517374517374517,259
"Todd Frazier",2015,"R",0.258278145695364,0.642384105960265,453
"Todd Frazier",2016,"R",0.222222222222222,0.648989898989899,396
"Todd Frazier",2017,"R",0.206153846153846,0.563076923076923,325
"Todd Frazier",2018,"R",0.228571428571429,0.532142857142857,280
"Todd Frazier",2019,"R",0.270186335403727,0.577639751552795,322
"Tommy Joseph",2016,"R",0.247619047619048,0.69047619047619,210
"Tommy Joseph",2017,"R",0.266862170087977,0.595307917888563,341
"Tommy La Stella",2019,"L",0.271186440677966,0.516949152542373,236
"Tommy Pham",2017,"R",0.346153846153846,0.692307692307692,312
"Tommy Pham",2018,"R",0.323529411764706,0.635294117647059,340
"Tommy Pham",2019,"R",0.307317073170732,0.553658536585366,410
"Tony Kemp",2018,"L",0.282178217821782,0.475247524752475,202
"Tony Wolters",2019,"L",0.316546762589928,0.406474820143885,278
"Torii Hunter",2015,"R",0.25,0.497422680412371,388
"Travis D'Arnaud",2017,"R",0.243542435424354,0.523985239852399,271
"Travis D'Arnaud",2019,"R",0.276859504132231,0.566115702479339,242
"Travis Jankowski",2016,"L",0.324200913242009,0.4337899543379,219
"Travis Jankowski",2018,"L",0.296442687747036,0.391304347826087,253
"Travis Shaw",2016,"L",0.292993630573248,0.595541401273885,314
"Travis Shaw",2017,"L",0.289972899728997,0.688346883468835,369
"Travis Shaw",2018,"L",0.233516483516484,0.615384615384615,364
"Trea Turner",2016,"R",0.367647058823529,0.622549019607843,204
"Trea Turner",2017,"R",0.319354838709677,0.561290322580645,310
"Trea Turner",2018,"R",0.295918367346939,0.520408163265306,490
"Trea Turner",2019,"R",0.339473684210526,0.65,380
"Trevor Plouffe",2015,"R",0.261682242990654,0.560747663551402,428
"Trevor Plouffe",2016,"R",0.272340425531915,0.514893617021277,235
"Trevor Story",2016,"R",0.316964285714286,0.870535714285714,224
"Trevor Story",2017,"R",0.305841924398625,0.738831615120275,291
"Trevor Story",2018,"R",0.305825242718447,0.75,412
"Trevor Story",2019,"R",0.333333333333333,0.797435897435897,390
"Trey Mancini",2017,"R",0.344919786096257,0.614973262032086,374
"Trey Mancini",2018,"R",0.280701754385965,0.556390977443609,399
"Trey Mancini",2019,"R",0.302540415704388,0.681293302540416,433
"Troy Tulowitzki",2015,"R",0.313390313390313,0.56980056980057,351
"Troy Tulowitzki",2016,"R",0.256410256410256,0.58974358974359,351
"Tucker Barnhart",2016,"L",0.3,0.482608695652174,230
"Tucker Barnhart",2017,"L",0.318965517241379,0.512931034482759,232
"Tucker Barnhart",2018,"L",0.259124087591241,0.445255474452555,274
"Tyler Flowers",2015,"R",0.299019607843137,0.485294117647059,204
"Tyler Flowers",2017,"R",0.327433628318584,0.584070796460177,226
"Tyler Saladino",2016,"R",0.322429906542056,0.537383177570093,214
"Victor Martinez",2015,"L",0.207746478873239,0.390845070422535,284
"Victor Martinez",2016,"L",0.282051282051282,0.567307692307692,312
"Victor Martinez",2017,"L",0.260330578512397,0.454545454545455,242
"Victor Martinez",2018,"L",0.271477663230241,0.384879725085911,291
"Victor Robles",2019,"R",0.292105263157895,0.565789473684211,380
"Vladimir Guerrero Jr.",2019,"R",0.295652173913043,0.504347826086956,345
"Welington Castillo",2015,"R",0.241525423728814,0.593220338983051,236
"Welington Castillo",2016,"R",0.322695035460993,0.585106382978723,282
"Welington Castillo",2017,"R",0.31390134529148,0.695067264573991,223
"Whit Merrifield",2016,"R",0.370044052863436,0.524229074889868,227
"Whit Merrifield",2017,"R",0.302325581395349,0.54122621564482,473
"Whit Merrifield",2018,"R",0.351297405189621,0.536926147704591,501
"Whit Merrifield",2019,"R",0.343228200371058,0.565862708719852,539
"Wil Myers",2016,"R",0.287410926365796,0.629453681710214,421
"Wil Myers",2017,"R",0.277173913043478,0.684782608695652,368
"Wil Myers",2018,"R",0.319047619047619,0.657142857142857,210
"Wil Myers",2019,"R",0.329268292682927,0.703252032520325,246
"Will Venable",2015,"L",0.317180616740088,0.475770925110132,227
"Willie Calhoun",2019,"L",0.244725738396624,0.645569620253165,237
"Willson Contreras",2017,"R",0.286259541984733,0.637404580152672,262
"Willson Contreras",2018,"R",0.30421686746988,0.518072289156627,332
"Willson Contreras",2019,"R",0.302521008403361,0.747899159663866,238
"Willy Adames",2019,"R",0.313390313390313,0.584045584045584,351
"Wilmer Difo",2018,"L",0.289473684210526,0.442982456140351,228
"Wilmer Flores",2015,"R",0.266666666666667,0.490666666666667,375
"Wilmer Flores",2016,"R",0.252100840336134,0.525210084033613,238
"Wilmer Flores",2017,"R",0.265454545454545,0.581818181818182,275
"Wilmer Flores",2018,"R",0.257575757575758,0.451515151515152,330
"Wilmer Flores",2019,"R",0.325471698113208,0.55188679245283,212
"Wilson Ramos",2015,"R",0.255131964809384,0.475073313782991,341
"Wilson Ramos",2016,"R",0.319034852546917,0.597855227882037,373
"Wilson Ramos",2018,"R",0.330909090909091,0.614545454545455,275
"Wilson Ramos",2019,"R",0.295039164490862,0.483028720626632,383
"Xander Bogaerts",2015,"R",0.376299376299376,0.484407484407484,481
"Xander Bogaerts",2016,"R",0.321428571428571,0.554621848739496,476
"Xander Bogaerts",2017,"R",0.314009661835749,0.48792270531401,414
"Xander Bogaerts",2018,"R",0.300531914893617,0.622340425531915,376
"Xander Bogaerts",2019,"R",0.311827956989247,0.664516129032258,465
"Yadier Molina",2015,"R",0.282926829268293,0.385365853658537,410
"Yadier Molina",2016,"R",0.339366515837104,0.493212669683258,442
"Yadier Molina",2017,"R",0.275,0.5225,400
"Yadier Molina",2018,"R",0.248648648648649,0.502702702702703,370
"Yadier Molina",2019,"R",0.287425149700599,0.476047904191617,334
"Yairo Munoz",2018,"R",0.325242718446602,0.533980582524272,206
"Yan Gomes",2015,"R",0.266666666666667,0.516666666666667,240
"Yan Gomes",2017,"R",0.255813953488372,0.502325581395349,215
"Yan Gomes",2018,"R",0.330855018587361,0.646840148698885,269
"Yan Gomes",2019,"R",0.252380952380952,0.533333333333333,210
"Yandy Diaz",2019,"R",0.278481012658228,0.607594936708861,237
"Yangervis Solarte",2015,"L",0.276162790697674,0.491279069767442,344
"Yangervis Solarte",2016,"L",0.295546558704453,0.534412955465587,247
"Yangervis Solarte",2017,"L",0.258992805755396,0.532374100719424,278
"Yangervis Solarte",2018,"L",0.243478260869565,0.434782608695652,230
"Yasiel Puig",2015,"R",0.287128712871287,0.534653465346535,202
"Yasiel Puig",2016,"R",0.291666666666667,0.545833333333333,240
"Yasiel Puig",2017,"R",0.263157894736842,0.594736842105263,380
"Yasiel Puig",2018,"R",0.268551236749117,0.628975265017668,283
"Yasiel Puig",2019,"R",0.300771208226221,0.57840616966581,389
"Yasmani Grandal",2015,"L",0.231132075471698,0.528301886792453,212
"Yasmani Grandal",2017,"L",0.271551724137931,0.672413793103448,232
"Yasmani Grandal",2018,"L",0.262672811059908,0.658986175115207,217
"Yasmani Grandal",2019,"L",0.253218884120172,0.605150214592275,233
"Yasmany Tomas",2015,"R",0.346570397111913,0.537906137184116,277
"Yasmany Tomas",2016,"R",0.281914893617021,0.686170212765957,376
"Yoan Moncada",2018,"L",0.337349397590361,0.714859437751004,249
"Yoan Moncada",2019,"L",0.358974358974359,0.811965811965812,234
"Yoenis Cespedes",2015,"R",0.309576837416481,0.717149220489978,449
"Yoenis Cespedes",2016,"R",0.271137026239067,0.664723032069971,343
"Yoenis Cespedes",2017,"R",0.291079812206573,0.661971830985915,213
"Yolmer Sanchez",2015,"L",0.28310502283105,0.4337899543379,219
"Yolmer Sanchez",2017,"L",0.316176470588235,0.558823529411765,272
"Yolmer Sanchez",2018,"L",0.290322580645161,0.498533724340176,341
"Yolmer Sanchez",2019,"L",0.312267657992565,0.397769516728625,269
"Yonder Alonso",2015,"L",0.316901408450704,0.457746478873239,284
"Yonder Alonso",2016,"L",0.276315789473684,0.436842105263158,380
"Yonder Alonso",2017,"L",0.291390728476821,0.695364238410596,302
"Yonder Alonso",2018,"L",0.265536723163842,0.542372881355932,354
"Yulieski Gurriel",2017,"R",0.301587301587302,0.546485260770975,441
"Yulieski Gurriel",2018,"R",0.309210526315789,0.482456140350877,456
"Yulieski Gurriel",2019,"R",0.273127753303965,0.607929515418502,454
"Yunel Escobar",2015,"R",0.337378640776699,0.475728155339806,412
"Yunel Escobar",2016,"R",0.329411764705882,0.44,425
"Yunel Escobar",2017,"R",0.294736842105263,0.456140350877193,285
"Zack Cozart",2016,"R",0.27247191011236,0.530898876404494,356
"Zack Cozart",2017,"R",0.292397660818713,0.672514619883041,342
