"bin_all","n","single_prob","double_prob","triple_prob","home_run_prob","out_prob"
"10.02",2,0,0,0,0,1
"10.03",4,0,0,0,0,1
"10.04",22,0,0.0909090909090909,0,0,0.909090909090909
"10.05",53,0,0.0377358490566038,0,0,0.962264150943396
"10.06",176,0.0113636363636364,0.0625,0,0,0.926136363636364
"10.07",334,0.116766467065868,0.494011976047904,0,0,0.389221556886228
"10.08",1213,0.207749381698269,0.575432811211871,0.00329760923330585,0,0.213520197856554
"10.09",1779,0.338392355255762,0.372119168071951,0.00281056773468241,0,0.286677908937605
"10.1",1955,0.388235294117647,0.183120204603581,0.00255754475703325,0,0.426086956521739
"10.11",1921,0.343571056741281,0.094742321707444,0.00260281103591879,0,0.559083810515357
"10.12",1566,0.157726692209451,0.0759897828863346,0.000638569604086846,0,0.765644955300128
"10.13",1287,0.0808080808080808,0.0916860916860917,0.000777000777000777,0.00621600621600622,0.82051282051282
"10.14",1153,0.0312228967909801,0.129228100607112,0.00693842150910668,0.0372940156114484,0.795316565481353
"10.15",886,0.0225733634311512,0.198645598194131,0.0112866817155756,0.123024830699774,0.644469525959368
"10.16",658,0.0212765957446809,0.237082066869301,0.013677811550152,0.507598784194529,0.220364741641337
"10.17",637,0.00627943485086342,0.0486656200941915,0.00156985871271586,0.927786499215071,0.0156985871271586
"10.18",316,0,0,0,1,0
"10.19",106,0,0,0,1,0
"10.2",20,0.05,0,0,0.95,0
"10.21",5,0,0.2,0,0.8,0
"11.02",16,0,0,0,0,1
"11.03",45,0,0,0,0,1
"11.04",172,0.00581395348837209,0,0,0,0.994186046511628
"11.05",345,0.00579710144927536,0.0115942028985507,0,0,0.982608695652174
"11.06",195,0.112820512820513,0.282051282051282,0.00512820512820513,0,0.6
"11.07",719,0.247566063977747,0.461752433936022,0.00417246175243394,0,0.286509040333797
"11.08",1349,0.42698295033358,0.257227575982209,0.000741289844329133,0,0.315048183839881
"11.09",2001,0.616691654172913,0.0859570214892554,0.000999500249875062,0,0.296351824087956
"11.1",3644,0.619648737650933,0.0718990120746432,0.00192096597145993,0,0.306531284302964
"11.11",3277,0.504119621605127,0.0137320720170888,0.00152578577967653,0,0.480622520598108
"11.12",2357,0.252863809927874,0.0169707254985151,0.00169707254985151,0,0.728468392023759
"11.13",1616,0.14789603960396,0.0309405940594059,0.000618811881188119,0,0.820544554455445
"11.14",1276,0.0689655172413793,0.11128526645768,0.00391849529780564,0.00705329153605016,0.808777429467085
"11.15",1236,0.0266990291262136,0.243527508090615,0.00728155339805825,0.0202265372168285,0.702265372168285
"11.16",897,0.0167224080267559,0.402452619843924,0.0222965440356745,0.16164994425864,0.396878483835006
"11.17",661,0.00302571860816944,0.223903177004539,0.0151285930408472,0.64750378214826,0.110438729198185
"11.18",469,0.00213219616204691,0.0426439232409382,0.0213219616204691,0.929637526652452,0.00426439232409382
"11.19",161,0,0.0124223602484472,0.0062111801242236,0.981366459627329,0
"11.2",44,0,0,0,1,0
"11.21",2,0,0,0,1,0
"12.02",50,0,0,0,0,1
"12.03",299,0.00334448160535117,0,0,0,0.996655518394649
"12.04",574,0.00696864111498258,0.00348432055749129,0,0,0.989547038327526
"12.05",222,0.0405405405405405,0.135135135135135,0,0,0.824324324324324
"12.06",421,0.197149643705463,0.275534441805226,0,0,0.527315914489311
"12.07",712,0.362359550561798,0.14747191011236,0.00140449438202247,0,0.48876404494382
"12.08",1216,0.609375,0.0567434210526316,0.00164473684210526,0,0.332236842105263
"12.09",2860,0.727972027972028,0.0174825174825175,0,0,0.254545454545455
"12.1",4465,0.724524076147816,0.00716685330347144,0,0,0.268309070548712
"12.11",4563,0.600920447074293,0.00547885163269779,0.000657462195923734,0,0.392943239097085
"12.12",2806,0.405915894511761,0.00855310049893086,0.000356379187455453,0,0.585174625801853
"12.13",1862,0.255102040816327,0.0392051557465091,0.00214822771213749,0,0.703544575725027
"12.14",1338,0.103886397608371,0.136023916292975,0.00672645739910314,0,0.753363228699552
"12.15",1226,0.0424143556280587,0.278955954323002,0.0154975530179445,0.0032626427406199,0.659869494290375
"12.16",1223,0.0106295993458708,0.466067048242028,0.0335241210139002,0.035977105478332,0.453802125919869
"12.17",835,0.0119760479041916,0.408383233532934,0.0467065868263473,0.27185628742515,0.261077844311377
"12.18",573,0.00174520069808028,0.134380453752181,0.0157068062827225,0.818499127399651,0.0296684118673647
"12.19",275,0.00363636363636364,0.0145454545454545,0,0.981818181818182,0
"12.2",54,0,0.037037037037037,0,0.962962962962963,0
"12.21",5,0,0,0,1,0
"13.02",345,0,0,0,0,1
"13.03",756,0.00264550264550265,0,0,0,0.997354497354497
"13.04",743,0.130551816958277,0.0161507402422611,0,0,0.853297442799462
"13.05",1543,0.147764095917045,0.0285158781594297,0,0,0.823720025923526
"13.06",586,0.266211604095563,0.0341296928327645,0,0.00170648464163823,0.697952218430034
"13.07",812,0.330049261083744,0.0172413793103448,0,0,0.652709359605911
"13.08",1270,0.517322834645669,0.0110236220472441,0,0,0.471653543307087
"13.09",2431,0.668860551213492,0.0119292472233649,0.000411353352529823,0.000411353352529823,0.318387494858083
"13.1",3241,0.719839555692687,0.00462820117247763,0.000617093489663684,0,0.274915149645171
"13.11",3264,0.642463235294118,0.00827205882352941,0.000306372549019608,0,0.348958333333333
"13.12",2546,0.510997643362137,0.025923016496465,0.000392772977219167,0,0.462686567164179
"13.13",1796,0.342427616926503,0.089086859688196,0.00501113585746102,0,0.56347438752784
"13.14",1419,0.165609584214235,0.172656800563777,0.0126849894291755,0,0.649048625792812
"13.15",1262,0.0443740095087163,0.285261489698891,0.0182250396196513,0,0.652139461172742
"13.16",1284,0.0155763239875389,0.394080996884735,0.0272585669781931,0.00778816199376947,0.555295950155763
"13.17",1078,0.00742115027829314,0.434137291280148,0.0695732838589982,0.0714285714285714,0.417439703153989
"13.18",666,0.0015015015015015,0.25975975975976,0.0540540540540541,0.573573573573574,0.111111111111111
"13.19",351,0.00284900284900285,0.0512820512820513,0.00284900284900285,0.934472934472934,0.00854700854700855
"13.2",105,0.00952380952380952,0,0,0.980952380952381,0.00952380952380952
"13.21",12,0,0,0,1,0
"14.02",587,0.00170357751277683,0,0,0,0.998296422487223
"14.03",371,0.132075471698113,0.00269541778975741,0,0,0.865229110512129
"14.04",9604,0.0645564348188255,0.00281132861307788,0.000104123281965848,0,0.932528113286131
"14.05",14095,0.0505143667967364,0.00177367860943597,0,0,0.947711954593828
"14.06",6404,0.180668332292317,0.000468457214241099,0,0,0.818863210493442
"14.07",2605,0.192706333973129,0.000383877159309021,0,0,0.806909788867562
"14.08",1107,0.264679313459801,0.00903342366757001,0.000903342366757001,0,0.725383920505872
"14.09",1134,0.447971781305115,0.00970017636684303,0.000881834215167548,0,0.541446208112875
"14.1",1367,0.613021214337966,0.0197512801755669,0,0,0.367227505486467
"14.11",1689,0.654825340438129,0.0272350503256365,0,0,0.317939609236234
"14.12",1982,0.560040363269425,0.0474268415741675,0.00100908173562059,0,0.391523713420787
"14.13",1884,0.41135881104034,0.10244161358811,0.00212314225053079,0.000530785562632696,0.483545647558386
"14.14",1596,0.228696741854637,0.156015037593985,0.0043859649122807,0,0.610902255639098
"14.15",1411,0.0864635010630758,0.168674698795181,0.0120481927710843,0,0.732813607370659
"14.16",1350,0.0162962962962963,0.251851851851852,0.0237037037037037,0.00222222222222222,0.705925925925926
"14.17",1284,0.00700934579439252,0.343457943925234,0.0560747663551402,0.0132398753894081,0.580218068535826
"14.18",744,0.00537634408602151,0.286290322580645,0.0658602150537634,0.280913978494624,0.361559139784946
"14.19",449,0.0066815144766147,0.0979955456570156,0.0200445434298441,0.841870824053452,0.0334075723830735
"14.2",120,0.00833333333333333,0.00833333333333333,0,0.975,0.00833333333333333
"14.21",15,0.0666666666666667,0,0,0.866666666666667,0.0666666666666667
"15.02",352,0.292613636363636,0,0,0,0.707386363636364
"15.03",4062,0.299852289512555,0.00123092072870507,0,0,0.698916789758739
"15.04",12467,0.059436913451512,0.000160423518087752,0,0,0.9404026630304
"15.05",14599,0.0587711487088157,0.000136995684635934,0,6.8497842317967e-05,0.94102335776423
"15.06",25983,0.0335219181772698,3.84867028441673e-05,0,0,0.966439595119886
"15.07",7091,0.0657171061909463,0.000423071499083345,0,0,0.93385982230997
"15.08",1004,0.138446215139442,0.00796812749003984,0,0,0.853585657370518
"15.09",762,0.299212598425197,0.010498687664042,0,0,0.690288713910761
"15.1",1000,0.563,0.019,0,0,0.418
"15.11",1823,0.691716950082282,0.0186505759736698,0.000548546352166758,0,0.289083927591882
"15.12",2617,0.670615208253726,0.0278945357279327,0.000382116927779901,0,0.301108139090562
"15.13",2603,0.526315789473684,0.0395697272378025,0.00153668843641952,0.000384172109104879,0.432193622742989
"15.14",2175,0.305287356321839,0.0583908045977012,0.00229885057471264,0.000459770114942529,0.633563218390805
"15.15",1533,0.112850619699935,0.071102413568167,0.00717547292889759,0.000652315720808871,0.808219178082192
"15.16",1316,0.0372340425531915,0.111702127659574,0.00759878419452888,0.000759878419452888,0.842705167173252
"15.17",1279,0.0117279124315872,0.199374511336982,0.0273651290070367,0.00234558248631744,0.759186864738077
"15.18",783,0.00510855683269476,0.229885057471264,0.0715197956577267,0.137931034482759,0.555555555555556
"15.19",408,0.00490196078431373,0.112745098039216,0.0465686274509804,0.759803921568627,0.0759803921568627
"15.2",136,0.0220588235294118,0.0147058823529412,0,0.955882352941177,0.00735294117647059
"15.21",17,0,0,0,1,0
"16.02",4349,0.284203265118418,0.000459875833524948,0,0,0.715336859048057
"16.03",5529,0.206366431542774,0.000180864532465184,0,0,0.79345270392476
"16.04",2179,0.23405231757687,0.000917852225791648,0,0,0.765029830197338
"16.05",3797,0.105873057677114,0.000263365815117198,0,0,0.893863576507769
"16.06",6523,0.0542695078951403,0.00015330369461904,0,0,0.945577188410241
"16.07",5608,0.129279600570613,0.000178316690442225,0,0,0.870542082738944
"16.08",1150,0.292173913043478,0.00260869565217391,0,0,0.705217391304348
"16.09",825,0.423030303030303,0.00606060606060606,0,0,0.570909090909091
"16.1",1503,0.645375914836993,0.00998003992015968,0,0,0.344644045242848
"16.11",2973,0.753111335351497,0.00538176925664312,0,0,0.24150689539186
"16.12",4443,0.71393202790907,0.008327706504614,0.000225073148773351,0,0.277515192437542
"16.13",3602,0.544975013881177,0.00971682398667407,0.000555247084952804,0,0.444752915047196
"16.14",2586,0.292730085073473,0.0158546017014695,0.000773395204949729,0.000386697602474865,0.690255220417633
"16.15",1662,0.120336943441637,0.0174488567990373,0.00180505415162455,0,0.860409145607702
"16.16",1335,0.0359550561797753,0.0419475655430712,0.00823970037453184,0,0.913857677902622
"16.17",1258,0.0111287758346582,0.108108108108108,0.0206677265500795,0,0.860095389507154
"16.18",915,0.00765027322404372,0.228415300546448,0.0371584699453552,0.0786885245901639,0.648087431693989
"16.19",418,0.00239234449760766,0.150717703349282,0.0382775119617225,0.720095693779904,0.0885167464114833
"16.2",164,0,0.0182926829268293,0,0.975609756097561,0.00609756097560976
"16.21",18,0,0,0,0.944444444444444,0.0555555555555556
"17.01",1,0,0,0,0,1
"17.02",5458,0.0582631000366435,0.000183217295712715,0,0,0.941553682667644
"17.03",13008,0.0543511685116851,0.000768757687576876,0,0,0.944880073800738
"17.04",1510,0.158278145695364,0.00132450331125828,0,0,0.840397350993378
"17.05",1216,0.1875,0,0,0,0.8125
"17.06",1957,0.101175268267757,0,0,0,0.898824731732243
"17.07",4270,0.144028103044496,0.000234192037470726,0,0,0.855737704918033
"17.08",1233,0.256285482562855,0.0040551500405515,0,0,0.739659367396594
"17.09",823,0.391251518833536,0.00486026731470231,0,0,0.603888213851762
"17.1",1568,0.644770408163265,0.00829081632653061,0,0,0.346938775510204
"17.11",3020,0.718211920529801,0.00463576158940397,0.00033112582781457,0,0.27682119205298
"17.12",4747,0.706130187486834,0.00547714345902675,0.00105329681904361,0,0.287339372235096
"17.13",3736,0.541488222698073,0.00588865096359743,0.000802997858672377,0,0.451820128479657
"17.14",3053,0.297084834588929,0.00393056010481494,0.00131018670160498,0.000327546675401245,0.69734687192925
"17.15",1945,0.113110539845758,0.00565552699228792,0.0025706940874036,0,0.87866323907455
"17.16",1383,0.0390455531453362,0.0354302241503977,0.00506146059291396,0,0.920462762111352
"17.17",1244,0.00482315112540193,0.10048231511254,0.0144694533762058,0.00160771704180064,0.878617363344051
"17.18",909,0.0055005500550055,0.236523652365237,0.0451045104510451,0.0572057205720572,0.655665566556656
"17.19",489,0.0081799591002045,0.10838445807771,0.0306748466257669,0.740286298568507,0.112474437627812
"17.2",201,0.00497512437810945,0.00995024875621891,0.00995024875621891,0.975124378109453,0
"17.21",22,0.0454545454545455,0.0454545454545455,0,0.909090909090909,0
"18.02",965,0.122279792746114,0,0,0,0.877720207253886
"18.03",3671,0.0999727594660855,0.000544810678289294,0,0,0.899482429855625
"18.04",3251,0.126422639187942,0.000307597662257767,0,0,0.8732697631498
"18.05",5749,0.0779265959297269,0,0,0,0.922073404070273
"18.06",13857,0.0255466551201559,0.000216497077289457,0,0,0.974236847802555
"18.07",7365,0.059877800407332,0,0,0,0.940122199592668
"18.08",1006,0.164015904572565,0.00497017892644135,0,0,0.831013916500994
"18.09",793,0.32156368221942,0.00756620428751576,0,0,0.670870113493064
"18.1",1146,0.56457242582897,0.0130890052356021,0.00087260034904014,0,0.421465968586387
"18.11",2101,0.670633031889576,0.0176106615897192,0,0.000475963826749167,0.311280342693955
"18.12",3071,0.644741126668838,0.0100944317811788,0,0,0.345164441549984
"18.13",2777,0.499459848757652,0.0158444364422038,0.00144040331292762,0,0.483255311487216
"18.14",2148,0.293296089385475,0.0218808193668529,0.00418994413407821,0.000465549348230912,0.680167597765363
"18.15",1555,0.107395498392283,0.0270096463022508,0.00836012861736334,0,0.857234726688103
"18.16",1288,0.0388198757763975,0.0543478260869565,0.015527950310559,0,0.891304347826087
"18.17",1205,0.0149377593360996,0.126141078838174,0.0240663900414938,0,0.834854771784232
"18.18",777,0.00772200772200772,0.218790218790219,0.0604890604890605,0.105534105534106,0.607464607464608
"18.19",453,0.00441501103752759,0.1280353200883,0.0198675496688742,0.770419426048565,0.0772626931567329
"18.2",133,0.0150375939849624,0.0150375939849624,0,0.969924812030075,0
"18.21",13,0,0,0,1,0
"19.02",612,0.00326797385620915,0,0,0,0.996732026143791
"19.03",525,0.019047619047619,0.00380952380952381,0,0,0.977142857142857
"19.04",7878,0.0203097232800203,0.00152322924600152,0.000126935770500127,0,0.978040111703478
"19.05",13481,0.0327127067724946,7.41784734070173e-05,0,0,0.967213114754098
"19.06",17231,0.0215889965759387,0.000232139748128373,0,0,0.978178863675933
"19.07",4418,0.0631507469443187,0.000905387052965143,0,0.000226346763241286,0.935717519239475
"19.08",1313,0.172124904798172,0.00456968773800457,0,0,0.823305407463823
"19.09",806,0.403225806451613,0.00744416873449132,0,0,0.589330024813896
"19.1",976,0.565573770491803,0.014344262295082,0,0,0.420081967213115
"19.11",1599,0.619762351469669,0.0312695434646654,0.00125078173858662,0,0.347717323327079
"19.12",2200,0.571818181818182,0.0413636363636364,0.00136363636363636,0,0.385454545454545
"19.13",2257,0.447053610988037,0.0655737704918033,0.00575985821887461,0,0.481612760301285
"19.14",1927,0.240269849507006,0.0882200311364816,0.00726517903476907,0,0.664244940321744
"19.15",1533,0.102413568166993,0.108284409654273,0.0176125244618395,0,0.771689497716895
"19.16",1361,0.0168993387215283,0.14695077149155,0.0345334313005143,0,0.801616458486407
"19.17",1175,0.00936170212765958,0.211063829787234,0.051063829787234,0.00595744680851064,0.722553191489362
"19.18",755,0.00529801324503311,0.249006622516556,0.0993377483443709,0.234437086092715,0.411920529801324
"19.19",378,0,0.103174603174603,0.0343915343915344,0.82010582010582,0.0423280423280423
"19.2",101,0.0099009900990099,0.0099009900990099,0.0099009900990099,0.97029702970297,0
"19.21",12,0.0833333333333333,0,0,0.916666666666667,0
"20.02",730,0,0,0,0,1
"20.03",770,0,0,0,0,1
"20.04",2624,0.0194359756097561,0.00304878048780488,0.00038109756097561,0,0.977134146341463
"20.05",8091,0.0273142998393276,0.00234828822148066,0.000123594116920035,0,0.970213817822272
"20.06",3234,0.0930735930735931,0.00401978973407545,0,0,0.902906617192331
"20.07",2763,0.126311979732175,0.000723850886717336,0,0,0.872964169381108
"20.08",1763,0.238230289279637,0.00170164492342598,0,0,0.760068065796937
"20.09",1402,0.543509272467903,0.00927246790299572,0.000713266761768902,0,0.446504992867332
"20.1",1621,0.62553979025293,0.00863664404688464,0,0,0.365823565700185
"20.11",1920,0.622395833333333,0.0151041666666667,0.00104166666666667,0,0.361458333333333
"20.12",1936,0.550103305785124,0.0418388429752066,0.0015495867768595,0,0.40650826446281
"20.13",1802,0.394561598224195,0.0810210876803552,0.0133185349611543,0,0.511098779134295
"20.14",1682,0.185493460166468,0.152199762187872,0.0231866825208086,0.000594530321046373,0.638525564803805
"20.15",1390,0.0561151079136691,0.202158273381295,0.0453237410071942,0,0.696402877697842
"20.16",1331,0.0187828700225394,0.2854996243426,0.0631104432757325,0,0.632607062359128
"20.17",1180,0.00677966101694915,0.333898305084746,0.0906779661016949,0.0347457627118644,0.533898305084746
"20.18",618,0.00323624595469256,0.26537216828479,0.087378640776699,0.459546925566343,0.184466019417476
"20.19",298,0,0.0704697986577181,0.0302013422818792,0.889261744966443,0.0100671140939597
"20.2",69,0.0144927536231884,0.0144927536231884,0,0.971014492753623,0
"20.21",10,0.1,0,0,0.9,0
"21.02",165,0.00606060606060606,0,0,0,0.993939393939394
"21.03",793,0.00126103404791929,0,0,0,0.998738965952081
"21.04",723,0.00276625172890733,0,0,0,0.997233748271093
"21.05",268,0.111940298507463,0.0970149253731343,0,0,0.791044776119403
"21.06",733,0.147339699863574,0.114597544338336,0.00409276944065484,0,0.733969986357435
"21.07",1320,0.302272727272727,0.0401515151515152,0.00303030303030303,0,0.654545454545455
"21.08",1690,0.530177514792899,0.0159763313609467,0,0,0.453846153846154
"21.09",2791,0.658903618774633,0.00716589036187746,0.000716589036187746,0,0.333213901827302
"21.1",3475,0.679136690647482,0.00517985611510791,0.00115107913669065,0,0.314532374100719
"21.11",3494,0.5870062965083,0.00715512306811677,0.00114481969089868,0,0.404693760732685
"21.12",2529,0.429023329379201,0.0181890075128509,0.00118623962040332,0,0.551601423487544
"21.13",1904,0.284663865546218,0.0572478991596639,0.00630252100840336,0,0.651785714285714
"21.14",1309,0.12681436210848,0.143621084797555,0.0236822001527884,0.000763941940412529,0.705118411000764
"21.15",1243,0.0257441673370877,0.255832662912309,0.0378117457763475,0,0.680611423974256
"21.16",1258,0.014308426073132,0.403815580286169,0.0906200317965024,0.00476947535771065,0.486486486486487
"21.17",947,0.00739176346356917,0.412882787750792,0.130939809926082,0.190073917634636,0.258711721224921
"21.18",514,0.00194552529182879,0.107003891050584,0.0700389105058366,0.787937743190661,0.0330739299610895
"21.19",198,0.00505050505050505,0.0404040404040404,0.00505050505050505,0.944444444444444,0.00505050505050505
"21.2",39,0,0,0,1,0
"21.21",3,0,0,0,1,0
"22.02",33,0,0,0,0,1
"22.03",123,0,0,0,0,1
"22.04",495,0,0.00404040404040404,0,0,0.995959595959596
"22.05",436,0.00229357798165138,0.00458715596330275,0,0,0.993119266055046
"22.06",211,0.213270142180095,0.23696682464455,0.018957345971564,0,0.530805687203792
"22.07",816,0.314950980392157,0.28921568627451,0.0294117647058824,0,0.366421568627451
"22.08",1661,0.537627934978928,0.0969295605057195,0.00541842263696568,0,0.360024081878387
"22.09",3214,0.665525824517735,0.0224019912881145,0.000622277535780958,0,0.31144990665837
"22.1",5345,0.649204864359214,0.0155285313376988,0.00243217960710945,0.000187090739008419,0.332647333956969
"22.11",4355,0.491389207807118,0.00551090700344432,0.00114810562571757,0,0.50195177956372
"22.12",2916,0.270576131687243,0.0113168724279835,0.00102880658436214,0,0.717078189300412
"22.13",1751,0.152484294688749,0.0314106225014278,0.00799543118218161,0,0.808109651627641
"22.14",1326,0.0663650075414781,0.0769230769230769,0.0165912518853695,0,0.840120663650075
"22.15",1171,0.0298889837745517,0.297181895815542,0.0546541417591802,0.00597779675491033,0.612297181895816
"22.16",1092,0.0119047619047619,0.451465201465201,0.0924908424908425,0.065018315018315,0.379120879120879
"22.17",671,0.0104321907600596,0.254843517138599,0.0789865871833085,0.581222056631893,0.0745156482861401
"22.18",425,0.00235294117647059,0.0447058823529412,0.0305882352941176,0.915294117647059,0.00705882352941176
"22.19",133,0,0.0300751879699248,0,0.969924812030075,0
"22.2",18,0,0,0,0.888888888888889,0.111111111111111
"22.21",3,0,0,0,1,0
"23.02",14,0,0,0,0,1
"23.03",22,0,0,0,0,1
"23.04",43,0,0,0,0,1
"23.05",131,0,0.0229007633587786,0,0,0.977099236641221
"23.06",279,0.014336917562724,0.03584229390681,0,0,0.949820788530466
"23.07",343,0.198250728862974,0.411078717201166,0.0291545189504373,0,0.361516034985423
"23.08",1365,0.318681318681319,0.328937728937729,0.0336996336996337,0,0.318681318681319
"23.09",2495,0.475751503006012,0.156713426853707,0.0124248496993988,0,0.355110220440882
"23.1",3825,0.510849673202614,0.0509803921568627,0.00470588235294118,0.000261437908496732,0.433202614379085
"23.11",3319,0.379632419403435,0.0262127146730943,0.00331425128050618,0.000301295570955107,0.59053931907201
"23.12",2082,0.160422670509126,0.0283381364073007,0.00384245917387128,0,0.807396733909702
"23.13",1397,0.0551181102362205,0.0429491768074445,0.0100214745884037,0,0.891911238367931
"23.14",1153,0.0277536860364267,0.131830008673027,0.013009540329575,0.00173460537727667,0.825672159583695
"23.15",1040,0.0307692307692308,0.2875,0.0355769230769231,0.0528846153846154,0.593269230769231
"23.16",659,0.0349013657056146,0.309559939301973,0.0682852807283763,0.364188163884674,0.223065250379363
"23.17",472,0,0.0656779661016949,0.0254237288135593,0.898305084745763,0.0105932203389831
"23.18",314,0,0.00318471337579618,0,0.996815286624204,0
"23.19",64,0,0,0,1,0
"23.2",8,0,0,0,1,0
"24.03",3,0,0,0,0,1
"24.04",2,0,0,0,0,1
"24.05",12,0,0,0,0,1
"24.06",77,0,0.038961038961039,0,0,0.961038961038961
"24.07",319,0.0188087774294671,0.0815047021943574,0.00313479623824451,0,0.896551724137931
"24.08",498,0.130522088353414,0.469879518072289,0.0381526104417671,0,0.36144578313253
"24.09",1621,0.202344231955583,0.43059839605182,0.0413325107958051,0,0.325724861196792
"24.1",2314,0.277441659464131,0.234226447709594,0.0220397579948142,0,0.466292134831461
"24.11",2224,0.206834532374101,0.133093525179856,0.00989208633093525,0,0.650179856115108
"24.12",1556,0.0803341902313625,0.0931876606683805,0.0122107969151671,0,0.81426735218509
"24.13",1341,0.0402684563758389,0.114093959731544,0.0119313944817301,0.00298284862043251,0.830723340790455
"24.14",1069,0.0374181478016838,0.190832553788587,0.0383536014967259,0.0561272217025257,0.677268475210477
"24.15",670,0.0373134328358209,0.211940298507463,0.0417910447761194,0.413432835820896,0.295522388059701
"24.16",590,0.011864406779661,0.0728813559322034,0.0101694915254237,0.886440677966102,0.0186440677966102
"24.17",357,0.00840336134453781,0.00560224089635854,0,0.983193277310924,0.00280112044817927
"24.18",133,0,0.0075187969924812,0,0.984962406015038,0.0075187969924812
"24.19",41,0,0,0,0.975609756097561,0.024390243902439
"24.2",9,0,0,0,1,0
"25.04",2,1,0,0,0,0
"25.05",2,0,0,0,0,1
"25.06",5,0.6,0,0,0,0.4
"25.07",31,0,0.129032258064516,0,0,0.870967741935484
"25.08",313,0.0255591054313099,0.108626198083067,0.00638977635782748,0,0.859424920127795
"25.09",419,0.0692124105011933,0.520286396181384,0.0405727923627685,0,0.369928400954654
"25.1",1514,0.0898282694848085,0.509247027741083,0.0647291941875826,0.000660501981505945,0.33553500660502
"25.11",1696,0.0689858490566038,0.421580188679245,0.0465801886792453,0,0.462853773584906
"25.12",1315,0.0562737642585551,0.292015209125475,0.0304182509505703,0.000760456273764259,0.620532319391635
"25.13",902,0.0709534368070953,0.222838137472284,0.0321507760532151,0.0587583148558758,0.61529933481153
"25.14",727,0.0343878954607978,0.181568088033012,0.0288858321870702,0.482806052269601,0.272352132049519
"25.15",577,0.00866551126516464,0.0797227036395147,0.00519930675909879,0.875216637781629,0.0311958405545927
"25.16",424,0,0.0141509433962264,0,0.985849056603774,0
"25.17",204,0.00490196078431373,0.00490196078431373,0,0.985294117647059,0.00490196078431373
"25.18",63,0,0,0,1,0
"25.19",12,0,0,0,0.916666666666667,0.0833333333333333
"25.2",2,0,0,0,1,0
"26.05",1,1,0,0,0,0
"26.06",1,0,0,0,0,1
"26.07",3,0.333333333333333,0.333333333333333,0.333333333333333,0,0
"26.08",24,0.0833333333333333,0.0416666666666667,0,0,0.875
"26.09",133,0.0075187969924812,0.225563909774436,0.0150375939849624,0,0.75187969924812
"26.1",489,0.0347648261758691,0.597137014314928,0.10838445807771,0.0102249488752556,0.249488752556237
"26.11",1519,0.0421329822251481,0.588545095457538,0.138248847926267,0.00592495062541146,0.225148123765635
"26.12",884,0.0452488687782805,0.441176470588235,0.0950226244343891,0.107466063348416,0.311085972850679
"26.13",694,0.0201729106628242,0.206051873198847,0.0475504322766571,0.540345821325648,0.185878962536023
"26.14",651,0.010752688172043,0.0660522273425499,0.0184331797235023,0.875576036866359,0.0291858678955453
"26.15",446,0.00448430493273543,0.00224215246636771,0.00224215246636771,0.984304932735426,0.00672645739910314
"26.16",243,0.00823045267489712,0,0,0.987654320987654,0.00411522633744856
"26.17",118,0,0,0,0.991525423728814,0.00847457627118644
"26.18",33,0,0.0303030303030303,0,0.96969696969697,0
"26.19",7,0,0,0,0.714285714285714,0.285714285714286
"26.2",1,1,0,0,0,0
"26.21",1,1,0,0,0,0
"27.07",3,0,0,0,0,1
"27.08",2,0.5,0,0.5,0,0
"27.09",11,0.0909090909090909,0.363636363636364,0,0,0.545454545454545
"27.1",44,0,0.522727272727273,0.136363636363636,0,0.340909090909091
"27.11",236,0.0254237288135593,0.436440677966102,0.135593220338983,0.292372881355932,0.110169491525424
"27.12",451,0.0199556541019956,0.197339246119734,0.0753880266075388,0.643015521064302,0.0643015521064302
"27.13",451,0.00221729490022173,0.0776053215077605,0.0177383592017738,0.891352549889135,0.0110864745011086
"27.14",362,0,0.00828729281767956,0.00552486187845304,0.983425414364641,0.00276243093922652
"27.15",228,0.0043859649122807,0.0043859649122807,0,0.986842105263158,0.0043859649122807
"27.16",96,0,0,0,1,0
"27.17",37,0,0,0,0.972972972972973,0.027027027027027
"27.18",14,0.0714285714285714,0,0,0.785714285714286,0.142857142857143
"27.19",4,0,0.25,0,0.75,0
"27.2",1,0,0,0,1,0
"28.02",2,0.5,0.5,0,0,0
"28.03",1,0,0,0,0,1
"28.04",3,0.333333333333333,0,0,0,0.666666666666667
"28.06",2,0,0,0,0,1
"28.07",2,0.5,0,0,0,0.5
"28.09",2,0,0,0,0,1
"28.1",2,0,1,0,0,0
"28.11",11,0.181818181818182,0.545454545454545,0,0.181818181818182,0.0909090909090909
"28.12",110,0,0.109090909090909,0.00909090909090909,0.863636363636364,0.0181818181818182
"28.13",219,0,0.0365296803652968,0.0091324200913242,0.949771689497717,0.0045662100456621
"28.14",175,0.00571428571428571,0.0228571428571429,0,0.965714285714286,0.00571428571428571
"28.15",101,0.0099009900990099,0.0099009900990099,0,0.97029702970297,0.0099009900990099
"28.16",39,0,0,0,0.974358974358974,0.0256410256410256
"28.17",19,0,0,0,1,0
"28.18",4,0,0,0,1,0
"28.19",2,0,0,0,0.5,0.5
"28.2",1,1,0,0,0,0
"29.06",1,0,0,0,0,1
"29.07",2,0,1,0,0,0
"29.08",1,0,0,0,0,1
"29.09",1,1,0,0,0,0
"29.1",1,0,0,0,0,1
"29.12",11,0.181818181818182,0,0,0.636363636363636,0.181818181818182
"29.13",25,0,0.04,0,0.88,0.08
"29.14",20,0,0,0,1,0
"29.15",12,0,0.0833333333333333,0,0.833333333333333,0.0833333333333333
"29.16",5,0.2,0,0,0.8,0
"29.17",4,0,0,0,1,0
"29.18",2,0,0,0,0,1
"29.19",3,0,0,0,0,1
"29.2",1,0,0,0,0,1
"29.21",2,0,0,0,0,1
"4.11",1,0,0,0,0,1
"4.12",9,0,0,0,1,0
"4.13",34,0,0,0,1,0
"4.14",32,0,0,0,1,0
"4.15",14,0,0,0,1,0
"4.16",9,0,0,0,1,0
"4.17",6,0,0,0,1,0
"4.2",1,0,0,0,1,0
"5.11",8,0,0.25,0,0.625,0.125
"5.12",94,0,0,0.0106382978723404,0.978723404255319,0.0106382978723404
"5.13",206,0,0.00485436893203883,0,0.990291262135922,0.00485436893203883
"5.14",182,0,0,0,1,0
"5.15",128,0,0.015625,0,0.984375,0
"5.16",49,0,0,0,1,0
"5.17",28,0.0357142857142857,0,0,0.928571428571429,0.0357142857142857
"5.18",5,0,0,0,1,0
"5.19",2,0.5,0,0,0.5,0
"5.2",1,0,0,0,1,0
"5.21",1,0,0,0,1,0
"6.09",2,0,0,0,0,1
"6.1",27,0,0.444444444444444,0,0.037037037037037,0.518518518518518
"6.11",142,0.0211267605633803,0.683098591549296,0.00704225352112676,0.140845070422535,0.147887323943662
"6.12",325,0.0184615384615385,0.255384615384615,0.00307692307692308,0.670769230769231,0.0523076923076923
"6.13",428,0.0116822429906542,0.0467289719626168,0.00233644859813084,0.91588785046729,0.0233644859813084
"6.14",385,0.0025974025974026,0.0103896103896104,0,0.984415584415584,0.0025974025974026
"6.15",244,0,0.00409836065573771,0,0.995901639344262,0
"6.16",144,0.00694444444444444,0,0,0.993055555555556,0
"6.17",54,0.037037037037037,0,0,0.962962962962963,0
"6.18",14,0.0714285714285714,0,0,0.928571428571429,0
"6.19",6,0.166666666666667,0,0,0.666666666666667,0.166666666666667
"6.2",1,1,0,0,0,0
"6.21",1,0,0,0,0,1
"7.05",1,0,0,0,0,1
"7.08",11,0,0.272727272727273,0,0,0.727272727272727
"7.09",76,0.0131578947368421,0.157894736842105,0,0,0.828947368421053
"7.1",322,0.0217391304347826,0.618012422360248,0.0093167701863354,0.0031055900621118,0.347826086956522
"7.11",1300,0.0169230769230769,0.762307692307692,0.0261538461538462,0.0176923076923077,0.176923076923077
"7.12",752,0.0252659574468085,0.526595744680851,0.0146276595744681,0.152925531914894,0.280585106382979
"7.13",544,0.0294117647058824,0.301470588235294,0.00735294117647059,0.483455882352941,0.178308823529412
"7.14",551,0.0181488203266788,0.0598911070780399,0.00725952813067151,0.894736842105263,0.0199637023593466
"7.15",508,0.00196850393700787,0.00590551181102362,0,0.990157480314961,0.00196850393700787
"7.16",310,0.0032258064516129,0,0,0.993548387096774,0.0032258064516129
"7.17",142,0.0140845070422535,0,0,0.97887323943662,0.00704225352112676
"7.18",41,0.0487804878048781,0,0,0.951219512195122,0
"7.19",16,0.1875,0,0,0.8125,0
"7.2",3,0.666666666666667,0,0,0.333333333333333,0
"8.06",1,0,0,0,0,1
"8.07",15,0,0.0666666666666667,0,0,0.933333333333333
"8.08",139,0.0287769784172662,0.244604316546763,0.00719424460431655,0,0.719424460431655
"8.09",424,0.0212264150943396,0.554245283018868,0.00707547169811321,0,0.417452830188679
"8.1",1401,0.0356887937187723,0.670949321912919,0.012847965738758,0.000713775874375446,0.279800142755175
"8.11",1637,0.0433720219914478,0.629810629199756,0.0128283445326817,0,0.313989004276115
"8.12",1143,0.0411198600174978,0.447069116360455,0.010498687664042,0.0166229221347332,0.484689413823272
"8.13",845,0.0343195266272189,0.30887573964497,0.0118343195266272,0.131360946745562,0.513609467455621
"8.14",714,0.0392156862745098,0.201680672268908,0.0112044817927171,0.478991596638655,0.26890756302521
"8.15",629,0.0174880763116057,0.0540540540540541,0.00317965023847377,0.890302066772655,0.0349761526232114
"8.16",471,0.00849256900212314,0.00849256900212314,0,0.980891719745223,0.00212314225053079
"8.17",270,0.00740740740740741,0,0,0.988888888888889,0.0037037037037037
"8.18",110,0.00909090909090909,0,0,0.990909090909091,0
"8.19",19,0,0,0,1,0
"8.2",6,0,0,0,0.833333333333333,0.166666666666667
"9.05",1,0,0,0,0,1
"9.06",21,0,0.0952380952380952,0,0,0.904761904761905
"9.07",185,0.00540540540540541,0.178378378378378,0,0,0.816216216216216
"9.08",469,0.0490405117270789,0.518123667377399,0.00213219616204691,0,0.430703624733475
"9.09",1365,0.101098901098901,0.60952380952381,0.010989010989011,0.000732600732600733,0.277655677655678
"9.1",1692,0.121749408983452,0.525413711583924,0.00709219858156028,0,0.345744680851064
"9.11",1518,0.120553359683794,0.342555994729908,0.00263504611330698,0,0.534255599472991
"9.12",1277,0.0892717306186374,0.212999216914644,0.00391542678151919,0.00234925606891151,0.691464369616288
"9.13",1095,0.0484018264840183,0.20365296803653,0.00365296803652968,0.0273972602739726,0.71689497716895
"9.14",961,0.0249739854318418,0.228928199791883,0.00416233090530697,0.101977107180021,0.639958376690947
"9.15",673,0.0282317979197623,0.213967310549777,0.0133729569093611,0.456166419019316,0.288261515601783
"9.16",596,0.00671140939597315,0.0620805369127517,0.00503355704697987,0.897651006711409,0.0285234899328859
"9.17",409,0.00488997555012225,0,0,0.995110024449878,0
"9.18",189,0,0,0,0.994708994708995,0.00529100529100529
"9.19",65,0,0,0,0.969230769230769,0.0307692307692308
"9.2",12,0.0833333333333333,0,0,0.75,0.166666666666667
"9.21",2,0,0,0,1,0
